Tanggal,id_distributor,id_cabang,id_invoice,id_customer,id_barang,id_group,brand_id,Kode_brand,brand,Jumlah_barang,HargaPenjualan,Unit,Level,Nama,Grup,Sektor,Nama_barang,Tipe,Nama_tipe,Kemasan,HargaBarang,Cabang_sales
2013-02-22,EPM,CAB03,IN6147,CUST55555,BRG0006,Z32,BRND006,205,OGB & PH ,4,2819.2,DUS,Company,APOTEK MERDEKA,Apotek,P,KETOCONAZOLE TABLET 200 MG,ZPJ1,Produk jadi,TABLET,39000,Bandung
2013-03-22,TD,CAB01,IN6055,CUST55583,BRG0004,Z32,BRND004,201,VNS ,4,8700.7,DUS,Company,APOTEK MAJA,Apotek,P,TRAMADOL KAPSUL 50 MG,ZPJ1,Produk jadi,KAPSUL,24500,Kuningan
2013-04-22,TA,CAB02,IN6180,CUST55614,BRG0005,Z31,BRND005,203,SLCYL ,98,5648.3,DUS,Company,KLINIK GM,Klinik,P,KLORPROMAZINA TABLET SALUT SELAPUT 100 MG,ZPJ1,Produk jadi,TABLET,47000,Jakarta
2013-05-22,TD,CAB02,IN6168,CUST55644,BRG0005,Z31,BRND005,203,SLCYL ,24,5648.3,DUS,Company,KLINIK GM,Klinik,P,KLORPROMAZINA TABLET SALUT SELAPUT 100 MG,ZPJ1,Produk jadi,TABLET,47000,Jakarta
2013-06-22,TA,CAB02,IN6159,CUST55689,BRG0010,Z31,BRND010,208,SLCYL ,67,6940.3,DUS,Company,KLINIK GM,Klinik,P,PARACETAMOL,ZPJ1,Produk jadi,BOTOL,21000,Jakarta
2014-02-22,TD,CAB01,IN6129,CUST55556,BRG0001,Z31,BRND007,206,ETIKAL ,8,4592.1,DUS,Company,KLINIK SAHABAT,Klinik,P,ACYCLOVIR DUS,ZPJ1,Produk jadi,DUS,96000,Tangerang
2014-03-22,TA,CAB02,IN6092,CUST55584,BRG0005,Z31,BRND005,203,SLCYL ,2,5648.3,DUS,Company,KLINIK GM,Klinik,P,KLORPROMAZINA TABLET SALUT SELAPUT 100 MG,ZPJ1,Produk jadi,TABLET,47000,Jakarta
2014-04-22,EPM,CAB03,IN6257,CUST55615,BRG0006,Z32,BRND006,205,OGB & PH ,5,2819.2,DUS,Company,APOTEK MERDEKA,Apotek,P,KETOCONAZOLE TABLET 200 MG,ZPJ1,Produk jadi,TABLET,39000,Bandung
2014-05-22,TA,CAB03,IN6192,CUST55645,BRG0006,Z32,BRND006,205,OGB & PH ,10,2819.2,DUS,Company,APOTEK MERDEKA,Apotek,P,KETOCONAZOLE TABLET 200 MG,ZPJ1,Produk jadi,TABLET,39000,Bandung
2014-06-22,EPM,CAB03,IN6264,CUST55690,BRG0001,Z32,BRND001,206,OGB & PH ,15,1169.91,DUS,Company,APOTEK MERDEKA,Apotek,P,ACYCLOVIR DUS,ZPJ1,Produk jadi,DUS,96000,Bandung
2015-02-22,TA,CAB01,IN5986,CUST55557,BRG0002,Z32,BRND008,203,MARCKS ,9,3991.9,DUS,Company,APOTEK SINAR JAYA,Apotek,P,ALERGINE TABLET SALUT,ZPJ1,Produk jadi,DUS,112000,Bekasi
2015-03-22,EPM,CAB03,IN6177,CUST55585,BRG0006,Z32,BRND006,205,OGB & PH ,17,2819.2,DUS,Company,APOTEK MERDEKA,Apotek,P,KETOCONAZOLE TABLET 200 MG,ZPJ1,Produk jadi,TABLET,39000,Bandung
2015-04-22,TD,CAB01,IN6031,CUST55616,BRG0001,Z31,BRND007,206,ETIKAL ,4,4592.1,DUS,Company,KLINIK SAHABAT,Klinik,P,ACYCLOVIR DUS,ZPJ1,Produk jadi,DUS,96000,Tangerang
2015-05-22,EPM,CAB01,IN6285,CUST55646,BRG0001,Z31,BRND007,206,ETIKAL ,130,4592.1,DUS,Company,KLINIK SAHABAT,Klinik,P,ACYCLOVIR DUS,ZPJ1,Produk jadi,DUS,96000,Tangerang
2015-06-22,TD,CAB01,IN6046,CUST55691,BRG0002,Z31,BRND002,203,ETIKAL ,12,2337.5,DUS,Company,KLINIK SAHABAT,Klinik,P,ALERGINE TABLET SALUT,ZPJ1,Produk jadi,DUS,112000,Tangerang
2016-02-22,EPM,CAB02,IN6026,CUST55558,BRG0003,Z32,BRND009,210,VNS ,21,5780.7,DUS,Company,APOTEK SAHABAT,Apotek,P,AMPICILLIN,ZPJ1,Produk jadi,BOTOL,17000,Padang
2016-03-22,TD,CAB01,IN6209,CUST55586,BRG0001,Z31,BRND007,206,ETIKAL ,11,4592.1,DUS,Company,KLINIK SAHABAT,Klinik,P,ACYCLOVIR DUS,ZPJ1,Produk jadi,DUS,96000,Tangerang
2016-04-22,TD,CAB01,IN6082,CUST55617,BRG0002,Z32,BRND008,203,MARCKS ,8,3991.9,DUS,Company,APOTEK SINAR JAYA,Apotek,P,ALERGINE TABLET SALUT,ZPJ1,Produk jadi,DUS,112000,Bekasi
2016-04-22,TA,CAB07,IN6075,CUST55638,BRG0009,Z32,BRND009,207,VNS ,48,5780.7,DUS,Company,APOTEK MERDEKA,Apotek,P,AMBROXOL HC,ZPJ1,Produk jadi,BOTOL,31000,Bandung
2016-05-22,TD,CAB01,IN6077,CUST55647,BRG0002,Z32,BRND008,203,MARCKS ,12,3991.9,DUS,Company,APOTEK SINAR JAYA,Apotek,P,ALERGINE TABLET SALUT,ZPJ1,Produk jadi,DUS,112000,Bekasi
2016-06-22,TA,CAB01,IN6268,CUST55692,BRG0003,Z32,BRND003,210,MARCKS ,25,10690.6,DUS,Company,APOTEK SINAR JAYA,Apotek,P,AMPICILLIN,ZPJ1,Produk jadi,BOTOL,17000,Bekasi
2016-06-22,TD,CAB06,IN6123,CUST55697,BRG0008,Z31,BRND008,204,MARCKS ,12,3991.9,DUS,Company,KLINIK GM,Klinik,P,TETRACYCLINE KAPSUL 250 MG,ZPJ1,Produk jadi,KAPSUL,9800,Jakarta
2016-06-22,TA,CAB01,IN6109,CUST55702,BRG0003,Z32,BRND003,210,MARCKS ,12,10690.6,DUS,Company,APOTEK TAPAK,Apotek,P,AMPICILLIN,ZPJ1,Produk jadi,BOTOL,17000,Aceh
2016-06-22,EPM,CAB01,IN5992,CUST55707,BRG0002,Z32,BRND008,203,MARCKS ,23,3991.9,DUS,Company,APOTEK SINAR JAYA,Apotek,P,ALERGINE TABLET SALUT,ZPJ1,Produk jadi,DUS,112000,Bekasi
2016-06-22,TA,CAB06,IN6012,CUST55712,BRG0003,Z31,BRND003,210,MARCKS ,5,10690.6,DUS,Company,KLINIK GM,Klinik,P,AMPICILLIN,ZPJ1,Produk jadi,BOTOL,17000,Jakarta
2016-06-22,EPM,CAB01,IN6000,CUST55717,BRG0008,Z32,BRND008,204,MARCKS ,7,3991.9,DUS,Company,APOTEK TAPAK,Apotek,P,TETRACYCLINE KAPSUL 250 MG,ZPJ1,Produk jadi,KAPSUL,9800,Aceh
2016-06-22,TA,CAB01,IN6165,CUST55722,BRG0003,Z32,BRND003,210,MARCKS ,34,10690.6,DUS,Company,APOTEK SINAR JAYA,Apotek,P,AMPICILLIN,ZPJ1,Produk jadi,BOTOL,17000,Bekasi
2016-06-22,EPM,CAB06,IN6204,CUST55727,BRG0008,Z31,BRND008,204,MARCKS ,34,3991.9,DUS,Company,KLINIK GM,Klinik,P,TETRACYCLINE KAPSUL 250 MG,ZPJ1,Produk jadi,KAPSUL,9800,Jakarta
2017-02-22,TD,CAB03,IN6224,CUST55559,BRG0004,Z31,BRND010,201,SLCYL ,22,6940.3,DUS,Company,KLINIK DR. ANDRI,Klinik,P,TRAMADOL KAPSUL 50 MG,ZPJ1,Produk jadi,KAPSUL,24500,Lampung
2017-03-22,TA,CAB01,IN6250,CUST55587,BRG0002,Z32,BRND008,203,MARCKS ,12,3991.9,DUS,Company,APOTEK SINAR JAYA,Apotek,P,ALERGINE TABLET SALUT,ZPJ1,Produk jadi,DUS,112000,Bekasi
2017-04-22,TA,CAB02,IN6174,CUST55618,BRG0003,Z32,BRND009,210,VNS ,9,5780.7,DUS,Company,APOTEK SAHABAT,Apotek,P,AMPICILLIN,ZPJ1,Produk jadi,BOTOL,17000,Padang
2017-04-22,EPM,CAB08,IN6218,CUST55639,BRG0010,Z31,BRND010,208,SLCYL ,21,6940.3,DUS,Company,KLINIK SAHABAT,Klinik,P,PARACETAMOL,ZPJ1,Produk jadi,BOTOL,21000,Tangerang
2017-05-22,TA,CAB02,IN6057,CUST55648,BRG0003,Z32,BRND009,210,VNS ,10,5780.7,DUS,Company,APOTEK SAHABAT,Apotek,P,AMPICILLIN,ZPJ1,Produk jadi,BOTOL,17000,Padang
2018-02-22,TA,CAB04,IN6087,CUST55560,BRG0001,Z32,BRND001,206,OGB & PH ,12,1169.91,DUS,Company,APOTEK TAPAK,Apotek,P,ACYCLOVIR DUS,ZPJ1,Produk jadi,DUS,96000,Aceh
2018-03-22,EPM,CAB02,IN6193,CUST55588,BRG0003,Z32,BRND009,210,VNS ,12,5780.7,DUS,Company,APOTEK SAHABAT,Apotek,P,AMPICILLIN,ZPJ1,Produk jadi,BOTOL,17000,Padang
2018-04-22,EPM,CAB03,IN6237,CUST55619,BRG0004,Z31,BRND010,201,SLCYL ,10,6940.3,DUS,Company,KLINIK DR. ANDRI,Klinik,P,TRAMADOL KAPSUL 50 MG,ZPJ1,Produk jadi,KAPSUL,24500,Lampung
2018-04-22,TD,CAB09,IN5985,CUST55640,BRG0001,Z32,BRND001,206,OGB & PH ,22,1169.91,DUS,Company,APOTEK SINAR JAYA,Apotek,P,ACYCLOVIR DUS,ZPJ1,Produk jadi,DUS,96000,Bekasi
2018-04-22,TA,CAB01,IN6194,CUST55658,BRG0009,Z32,BRND009,207,VNS ,25,5780.7,DUS,Company,APOTEK MAJA,Apotek,P,AMBROXOL HC,ZPJ1,Produk jadi,BOTOL,31000,Kuningan
2018-04-22,TD,CAB01,IN6138,CUST55661,BRG0002,Z31,BRND002,203,ETIKAL ,10,2337.5,DUS,Company,KLINIK SAHABAT,Klinik,P,ALERGINE TABLET SALUT,ZPJ1,Produk jadi,DUS,112000,Tangerang
2018-05-22,EPM,CAB03,IN6252,CUST55649,BRG0004,Z31,BRND010,201,SLCYL ,67,6940.3,DUS,Company,KLINIK DR. ANDRI,Klinik,P,TRAMADOL KAPSUL 50 MG,ZPJ1,Produk jadi,KAPSUL,24500,Lampung
2019-02-22,EPM,CAB05,IN6096,CUST55561,BRG0002,Z32,BRND002,203,ETIKAL ,25,2337.5,DUS,Company,APOTEK MAJA,Apotek,P,ALERGINE TABLET SALUT,ZPJ1,Produk jadi,DUS,112000,Kuningan
2019-03-22,TD,CAB03,IN6081,CUST55589,BRG0004,Z31,BRND010,201,SLCYL ,25,6940.3,DUS,Company,KLINIK DR. ANDRI,Klinik,P,TRAMADOL KAPSUL 50 MG,ZPJ1,Produk jadi,KAPSUL,24500,Lampung
2019-04-22,TD,CAB04,IN6021,CUST55620,BRG0001,Z32,BRND001,206,OGB & PH ,7,1169.91,DUS,Company,APOTEK TAPAK,Apotek,P,ACYCLOVIR DUS,ZPJ1,Produk jadi,DUS,96000,Aceh
2019-04-22,TA,CAB01,IN6316,CUST55662,BRG0003,Z32,BRND003,210,MARCKS ,120,10690.6,DUS,Company,APOTEK SINAR JAYA,Apotek,P,AMPICILLIN,ZPJ1,Produk jadi,BOTOL,17000,Bekasi
2019-04-22,EPM,CAB02,IN5987,CUST55659,BRG0010,Z31,BRND010,208,SLCYL ,14,6940.3,DUS,Company,KLINIK GM,Klinik,P,PARACETAMOL,ZPJ1,Produk jadi,BOTOL,21000,Jakarta
2019-04-22,TA,CAB10,IN6154,CUST55641,BRG0002,Z32,BRND002,203,ETIKAL ,12,2337.5,DUS,Company,APOTEK SAHABAT,Apotek,P,ALERGINE TABLET SALUT,ZPJ1,Produk jadi,DUS,112000,Padang
2019-05-22,TD,CAB03,IN6283,CUST55664,BRG0005,Z31,BRND005,203,SLCYL ,10,5648.3,DUS,Company,KLINIK DR. ANDRI,Klinik,P,KLORPROMAZINA TABLET SALUT SELAPUT 100 MG,ZPJ1,Produk jadi,TABLET,47000,Lampung
2019-05-22,TD,CAB04,IN6272,CUST55650,BRG0001,Z32,BRND001,206,OGB & PH ,98,1169.91,DUS,Company,APOTEK TAPAK,Apotek,P,ACYCLOVIR DUS,ZPJ1,Produk jadi,DUS,96000,Aceh
2020-01-22,TD,CAB01,IN5997,CUST55380,BRG0001,Z32,BRND001,206,OGB & PH ,1,1169.91,DUS,Company,APOTEK TAPAK,Apotek,P,ACYCLOVIR DUS,ZPJ1,Produk jadi,DUS,96000,Aceh
2020-01-22,TD,CAB01,IN6297,CUST55381,BRG0002,Z32,BRND002,203,ETIKAL ,5,2337.5,DUS,Company,APOTEK MAJA,Apotek,P,ALERGINE TABLET SALUT,ZPJ1,Produk jadi,DUS,112000,Kuningan
2020-02-22,TD,CAB06,IN6034,CUST55562,BRG0003,Z31,BRND003,210,MARCKS ,14,10690.6,DUS,Company,KLINIK GM,Klinik,P,AMPICILLIN,ZPJ1,Produk jadi,BOTOL,17000,Jakarta
2020-03-22,TD,CAB04,IN6149,CUST55590,BRG0001,Z32,BRND001,206,OGB & PH ,14,1169.91,DUS,Company,APOTEK TAPAK,Apotek,P,ACYCLOVIR DUS,ZPJ1,Produk jadi,DUS,96000,Aceh
2020-04-22,TA,CAB05,IN6056,CUST55621,BRG0002,Z32,BRND002,203,ETIKAL ,100,2337.5,DUS,Company,APOTEK MAJA,Apotek,P,ALERGINE TABLET SALUT,ZPJ1,Produk jadi,DUS,112000,Kuningan
2020-04-22,EPM,CAB01,IN6145,CUST55642,BRG0003,Z32,BRND003,210,MARCKS ,25,10690.6,DUS,Company,APOTEK TAPAK,Apotek,P,AMPICILLIN,ZPJ1,Produk jadi,BOTOL,17000,Aceh
2020-04-22,TD,CAB03,IN6313,CUST55660,BRG0001,Z32,BRND001,206,OGB & PH ,24,1169.91,DUS,Company,APOTEK MERDEKA,Apotek,P,ACYCLOVIR DUS,ZPJ1,Produk jadi,DUS,96000,Bandung
2020-04-22,EPM,CAB02,IN6019,CUST55663,BRG0004,Z32,BRND004,201,VNS ,12,8700.7,DUS,Company,APOTEK SAHABAT,Apotek,P,TRAMADOL KAPSUL 50 MG,ZPJ1,Produk jadi,KAPSUL,24500,Padang
2020-05-22,TA,CAB04,IN6169,CUST55665,BRG0006,Z32,BRND006,205,OGB & PH ,67,2819.2,DUS,Company,APOTEK TAPAK,Apotek,P,KETOCONAZOLE TABLET 200 MG,ZPJ1,Produk jadi,TABLET,39000,Aceh
2020-05-22,TD,CAB05,IN6150,CUST55651,BRG0002,Z32,BRND002,203,ETIKAL ,5,2337.5,DUS,Company,APOTEK MAJA,Apotek,P,ALERGINE TABLET SALUT,ZPJ1,Produk jadi,DUS,112000,Kuningan
2021-01-22,TA,CAB02,IN6155,CUST55382,BRG0003,Z31,BRND003,210,MARCKS ,9,10690.6,DUS,Company,KLINIK GM,Klinik,P,AMPICILLIN,ZPJ1,Produk jadi,BOTOL,17000,Jakarta
2021-02-22,TD,CAB07,IN6231,CUST55563,BRG0004,Z32,BRND004,201,VNS ,24,8700.7,DUS,Company,APOTEK MERDEKA,Apotek,P,TRAMADOL KAPSUL 50 MG,ZPJ1,Produk jadi,KAPSUL,24500,Bandung
2021-03-22,TA,CAB05,IN6014,CUST55591,BRG0002,Z32,BRND002,203,ETIKAL ,34,2337.5,DUS,Company,APOTEK MAJA,Apotek,P,ALERGINE TABLET SALUT,ZPJ1,Produk jadi,DUS,112000,Kuningan
2021-04-22,EPM,CAB06,IN5983,CUST55622,BRG0003,Z31,BRND003,210,MARCKS ,67,10690.6,DUS,Company,KLINIK GM,Klinik,P,AMPICILLIN,ZPJ1,Produk jadi,BOTOL,17000,Jakarta
2021-04-22,TD,CAB01,IN6315,CUST55643,BRG0004,Z32,BRND004,201,VNS ,14,8700.7,DUS,Company,APOTEK MAJA,Apotek,P,TRAMADOL KAPSUL 50 MG,ZPJ1,Produk jadi,KAPSUL,24500,Kuningan
2021-05-22,EPM,CAB05,IN6121,CUST55666,BRG0007,Z32,BRND007,206,ETIKAL ,98,4592.1,DUS,Company,APOTEK MAJA,Apotek,P,ERGOTAMINE COFFEINE,ZPJ1,Produk jadi,BOTOL,64700,Kuningan
2021-05-22,TA,CAB06,IN6298,CUST55652,BRG0003,Z31,BRND003,210,MARCKS ,4,10690.6,DUS,Company,KLINIK GM,Klinik,P,AMPICILLIN,ZPJ1,Produk jadi,BOTOL,17000,Jakarta
2022-01-02,TA,CAB01,IN6128,CUST55537,BRG0008,Z32,BRND008,204,MARCKS ,79,3991.9,DUS,Company,APOTEK TAPAK,Apotek,P,TETRACYCLINE KAPSUL 250 MG,ZPJ1,Produk jadi,KAPSUL,9800,Aceh
2022-01-02,TD,CAB03,IN6243,CUST55525,BRG0006,Z32,BRND006,205,OGB & PH ,67,2819.2,DUS,Company,APOTEK MERDEKA,Apotek,P,KETOCONAZOLE TABLET 200 MG,ZPJ1,Produk jadi,TABLET,39000,Bandung
2022-01-02,EPM,CAB05,IN6266,CUST55531,BRG0002,Z32,BRND002,203,ETIKAL ,34,2337.5,DUS,Company,APOTEK MAJA,Apotek,P,ALERGINE TABLET SALUT,ZPJ1,Produk jadi,DUS,112000,Kuningan
2022-01-02,TD,CAB02,IN6060,CUST55543,BRG0004,Z32,BRND004,201,VNS ,22,8700.7,DUS,Company,APOTEK SAHABAT,Apotek,P,TRAMADOL KAPSUL 50 MG,ZPJ1,Produk jadi,KAPSUL,24500,Padang
2022-01-02,EPM,CAB01,IN6072,CUST55477,BRG0008,Z32,BRND008,204,MARCKS ,1,3991.9,DUS,Company,APOTEK TAPAK,Apotek,P,TETRACYCLINE KAPSUL 250 MG,ZPJ1,Produk jadi,KAPSUL,9800,Aceh
2022-01-02,TA,CAB02,IN6185,CUST55483,BRG0004,Z32,BRND004,201,VNS ,9,8700.7,DUS,Company,APOTEK SAHABAT,Apotek,P,TRAMADOL KAPSUL 50 MG,ZPJ1,Produk jadi,KAPSUL,24500,Padang
2022-01-02,TD,CAB08,IN6291,CUST55489,BRG0010,Z31,BRND010,208,SLCYL ,11,6940.3,DUS,Company,KLINIK SAHABAT,Klinik,P,PARACETAMOL,ZPJ1,Produk jadi,BOTOL,21000,Tangerang
2022-01-02,TD,CAB03,IN6320,CUST55495,BRG0006,Z32,BRND006,205,OGB & PH ,67,2819.2,DUS,Company,APOTEK MERDEKA,Apotek,P,KETOCONAZOLE TABLET 200 MG,ZPJ1,Produk jadi,TABLET,39000,Bandung
2022-01-02,EPM,CAB05,IN6211,CUST55501,BRG0002,Z32,BRND002,203,ETIKAL ,18,2337.5,DUS,Company,APOTEK MAJA,Apotek,P,ALERGINE TABLET SALUT,ZPJ1,Produk jadi,DUS,112000,Kuningan
2022-01-02,EPM,CAB01,IN6300,CUST55507,BRG0008,Z32,BRND008,204,MARCKS ,22,3991.9,DUS,Company,APOTEK TAPAK,Apotek,P,TETRACYCLINE KAPSUL 250 MG,ZPJ1,Produk jadi,KAPSUL,9800,Aceh
2022-01-02,TA,CAB02,IN6017,CUST55513,BRG0004,Z32,BRND004,201,VNS ,23,8700.7,DUS,Company,APOTEK SAHABAT,Apotek,P,TRAMADOL KAPSUL 50 MG,ZPJ1,Produk jadi,KAPSUL,24500,Padang
2022-01-02,TD,CAB08,IN6293,CUST55519,BRG0010,Z31,BRND010,208,SLCYL ,4,6940.3,DUS,Company,KLINIK SAHABAT,Klinik,P,PARACETAMOL,ZPJ1,Produk jadi,BOTOL,21000,Tangerang
2022-01-02,EPM,CAB02,IN6301,CUST55393,BRG0004,Z32,BRND004,201,VNS ,12,8700.7,DUS,Company,APOTEK SAHABAT,Apotek,P,TRAMADOL KAPSUL 50 MG,ZPJ1,Produk jadi,KAPSUL,24500,Padang
2022-01-02,EPM,CAB08,IN6023,CUST55399,BRG0010,Z31,BRND010,208,SLCYL ,15,6940.3,DUS,Company,KLINIK SAHABAT,Klinik,P,PARACETAMOL,ZPJ1,Produk jadi,BOTOL,21000,Tangerang
2022-01-02,TA,CAB03,IN6259,CUST55405,BRG0006,Z32,BRND006,205,OGB & PH ,19,2819.2,DUS,Company,APOTEK MERDEKA,Apotek,P,KETOCONAZOLE TABLET 200 MG,ZPJ1,Produk jadi,TABLET,39000,Bandung
2022-01-02,TD,CAB05,IN5994,CUST55411,BRG0002,Z32,BRND002,203,ETIKAL ,12,2337.5,DUS,Company,APOTEK MAJA,Apotek,P,ALERGINE TABLET SALUT,ZPJ1,Produk jadi,DUS,112000,Kuningan
2022-01-02,TD,CAB01,IN6063,CUST55417,BRG0008,Z32,BRND008,204,MARCKS ,12,3991.9,DUS,Company,APOTEK TAPAK,Apotek,P,TETRACYCLINE KAPSUL 250 MG,ZPJ1,Produk jadi,KAPSUL,9800,Aceh
2022-01-02,EPM,CAB02,IN6274,CUST55423,BRG0004,Z32,BRND004,201,VNS ,8,8700.7,DUS,Company,APOTEK SAHABAT,Apotek,P,TRAMADOL KAPSUL 50 MG,ZPJ1,Produk jadi,KAPSUL,24500,Padang
2022-01-02,TA,CAB08,IN6133,CUST55429,BRG0010,Z31,BRND010,208,SLCYL ,78,6940.3,DUS,Company,KLINIK SAHABAT,Klinik,P,PARACETAMOL,ZPJ1,Produk jadi,BOTOL,21000,Tangerang
2022-01-02,TD,CAB03,IN6054,CUST55435,BRG0006,Z32,BRND006,205,OGB & PH ,34,2819.2,DUS,Company,APOTEK MERDEKA,Apotek,P,KETOCONAZOLE TABLET 200 MG,ZPJ1,Produk jadi,TABLET,39000,Bandung
2022-01-02,TD,CAB05,IN6134,CUST55441,BRG0002,Z32,BRND002,203,ETIKAL ,12,2337.5,DUS,Company,APOTEK MAJA,Apotek,P,ALERGINE TABLET SALUT,ZPJ1,Produk jadi,DUS,112000,Kuningan
2022-01-02,EPM,CAB01,IN6005,CUST55447,BRG0008,Z32,BRND008,204,MARCKS ,12,3991.9,DUS,Company,APOTEK TAPAK,Apotek,P,TETRACYCLINE KAPSUL 250 MG,ZPJ1,Produk jadi,KAPSUL,9800,Aceh
2022-01-02,EPM,CAB02,IN6269,CUST55453,BRG0004,Z32,BRND004,201,VNS ,12,8700.7,DUS,Company,APOTEK SAHABAT,Apotek,P,TRAMADOL KAPSUL 50 MG,ZPJ1,Produk jadi,KAPSUL,24500,Padang
2022-01-02,TA,CAB08,IN6267,CUST55459,BRG0010,Z31,BRND010,208,SLCYL ,8,6940.3,DUS,Company,KLINIK SAHABAT,Klinik,P,PARACETAMOL,ZPJ1,Produk jadi,BOTOL,21000,Tangerang
2022-01-02,TD,CAB03,IN6120,CUST55465,BRG0006,Z32,BRND006,205,OGB & PH ,14,2819.2,DUS,Company,APOTEK MERDEKA,Apotek,P,KETOCONAZOLE TABLET 200 MG,ZPJ1,Produk jadi,TABLET,39000,Bandung
2022-01-02,TD,CAB05,IN6084,CUST55471,BRG0002,Z32,BRND002,203,ETIKAL ,67,2337.5,DUS,Company,APOTEK MAJA,Apotek,P,ALERGINE TABLET SALUT,ZPJ1,Produk jadi,DUS,112000,Kuningan
2022-01-03,TA,CAB01,IN6069,CUST55571,BRG0002,Z31,BRND002,203,ETIKAL ,4,2337.5,DUS,Company,KLINIK SAHABAT,Klinik,P,ALERGINE TABLET SALUT,ZPJ1,Produk jadi,DUS,112000,Tangerang
2022-01-04,EPM,CAB01,IN6018,CUST55602,BRG0003,Z32,BRND003,210,MARCKS ,14,10690.6,DUS,Company,APOTEK SINAR JAYA,Apotek,P,AMPICILLIN,ZPJ1,Produk jadi,BOTOL,17000,Bekasi
2022-01-05,EPM,CAB01,IN5999,CUST55632,BRG0003,Z32,BRND003,210,MARCKS ,5,10690.6,DUS,Company,APOTEK SINAR JAYA,Apotek,P,AMPICILLIN,ZPJ1,Produk jadi,BOTOL,17000,Bekasi
2022-01-05,TD,CAB03,IN6044,CUST55694,BRG0005,Z31,BRND005,203,SLCYL ,18,5648.3,DUS,Company,KLINIK DR. ANDRI,Klinik,P,KLORPROMAZINA TABLET SALUT SELAPUT 100 MG,ZPJ1,Produk jadi,TABLET,47000,Lampung
2022-01-05,TD,CAB03,IN6142,CUST55724,BRG0005,Z31,BRND005,203,SLCYL ,45,5648.3,DUS,Company,KLINIK DR. ANDRI,Klinik,P,KLORPROMAZINA TABLET SALUT SELAPUT 100 MG,ZPJ1,Produk jadi,TABLET,47000,Lampung
2022-01-05,TA,CAB02,IN5989,CUST55719,BRG0010,Z31,BRND010,208,SLCYL ,67,6940.3,DUS,Company,KLINIK GM,Klinik,P,PARACETAMOL,ZPJ1,Produk jadi,BOTOL,21000,Jakarta
2022-01-05,TA,CAB08,IN6004,CUST55729,BRG0010,Z31,BRND010,208,SLCYL ,5,6940.3,DUS,Company,KLINIK SAHABAT,Klinik,P,PARACETAMOL,ZPJ1,Produk jadi,BOTOL,21000,Tangerang
2022-01-05,TD,CAB08,IN5984,CUST55714,BRG0005,Z31,BRND005,203,SLCYL ,8,5648.3,DUS,Company,KLINIK SAHABAT,Klinik,P,KLORPROMAZINA TABLET SALUT SELAPUT 100 MG,ZPJ1,Produk jadi,TABLET,47000,Tangerang
2022-01-05,TA,CAB03,IN6030,CUST55709,BRG0004,Z31,BRND010,201,SLCYL ,10,6940.3,DUS,Company,KLINIK DR. ANDRI,Klinik,P,TRAMADOL KAPSUL 50 MG,ZPJ1,Produk jadi,KAPSUL,24500,Lampung
2022-01-05,TD,CAB02,IN6067,CUST55704,BRG0005,Z31,BRND005,203,SLCYL ,14,5648.3,DUS,Company,KLINIK GM,Klinik,P,KLORPROMAZINA TABLET SALUT SELAPUT 100 MG,ZPJ1,Produk jadi,TABLET,47000,Jakarta
2022-01-05,TA,CAB08,IN6158,CUST55699,BRG0010,Z31,BRND010,208,SLCYL ,14,6940.3,DUS,Company,KLINIK SAHABAT,Klinik,P,PARACETAMOL,ZPJ1,Produk jadi,BOTOL,21000,Tangerang
2022-01-06,TD,CAB01,IN6100,CUST55677,BRG0002,Z32,BRND008,203,MARCKS ,9,3991.9,DUS,Company,APOTEK SINAR JAYA,Apotek,P,ALERGINE TABLET SALUT,ZPJ1,Produk jadi,DUS,112000,Bekasi
2022-01-22,EPM,CAB03,IN6144,CUST55383,BRG0004,Z32,BRND004,201,VNS ,13,8700.7,DUS,Company,APOTEK MERDEKA,Apotek,P,TRAMADOL KAPSUL 50 MG,ZPJ1,Produk jadi,KAPSUL,24500,Bandung
2022-02-02,TA,CAB03,IN6254,CUST55544,BRG0005,Z31,BRND005,203,SLCYL ,12,5648.3,DUS,Company,KLINIK DR. ANDRI,Klinik,P,KLORPROMAZINA TABLET SALUT SELAPUT 100 MG,ZPJ1,Produk jadi,TABLET,47000,Lampung
2022-02-03,EPM,CAB01,IN6239,CUST55572,BRG0003,Z32,BRND003,210,MARCKS ,8,10690.6,DUS,Company,APOTEK SINAR JAYA,Apotek,P,AMPICILLIN,ZPJ1,Produk jadi,BOTOL,17000,Bekasi
2022-02-04,TD,CAB02,IN6001,CUST55603,BRG0004,Z32,BRND004,201,VNS ,21,8700.7,DUS,Company,APOTEK SAHABAT,Apotek,P,TRAMADOL KAPSUL 50 MG,ZPJ1,Produk jadi,KAPSUL,24500,Padang
2022-02-05,TD,CAB02,IN6223,CUST55633,BRG0004,Z32,BRND004,201,VNS ,6,8700.7,DUS,Company,APOTEK SAHABAT,Apotek,P,TRAMADOL KAPSUL 50 MG,ZPJ1,Produk jadi,KAPSUL,24500,Padang
2022-02-05,TA,CAB04,IN6178,CUST55695,BRG0006,Z32,BRND006,205,OGB & PH ,18,2819.2,DUS,Company,APOTEK TAPAK,Apotek,P,KETOCONAZOLE TABLET 200 MG,ZPJ1,Produk jadi,TABLET,39000,Aceh
2022-02-05,EPM,CAB09,IN6105,CUST55700,BRG0001,Z32,BRND001,206,OGB & PH ,21,1169.91,DUS,Company,APOTEK SINAR JAYA,Apotek,P,ACYCLOVIR DUS,ZPJ1,Produk jadi,DUS,96000,Bekasi
2022-02-05,TD,CAB03,IN6143,CUST55705,BRG0006,Z32,BRND006,205,OGB & PH ,24,2819.2,DUS,Company,APOTEK MERDEKA,Apotek,P,KETOCONAZOLE TABLET 200 MG,ZPJ1,Produk jadi,TABLET,39000,Bandung
2022-02-05,EPM,CAB04,IN6094,CUST55710,BRG0001,Z32,BRND001,206,OGB & PH ,67,1169.91,DUS,Company,APOTEK TAPAK,Apotek,P,ACYCLOVIR DUS,ZPJ1,Produk jadi,DUS,96000,Aceh
2022-02-05,TD,CAB09,IN6007,CUST55715,BRG0006,Z32,BRND006,205,OGB & PH ,9,2819.2,DUS,Company,APOTEK SINAR JAYA,Apotek,P,KETOCONAZOLE TABLET 200 MG,ZPJ1,Produk jadi,TABLET,39000,Bekasi
2022-02-05,EPM,CAB03,IN6151,CUST55720,BRG0001,Z32,BRND001,206,OGB & PH ,78,1169.91,DUS,Company,APOTEK MERDEKA,Apotek,P,ACYCLOVIR DUS,ZPJ1,Produk jadi,DUS,96000,Bandung
2022-02-05,TD,CAB04,IN6312,CUST55725,BRG0006,Z32,BRND006,205,OGB & PH ,34,2819.2,DUS,Company,APOTEK TAPAK,Apotek,P,KETOCONAZOLE TABLET 200 MG,ZPJ1,Produk jadi,TABLET,39000,Aceh
2022-02-06,TD,CAB02,IN6222,CUST55678,BRG0003,Z32,BRND009,210,VNS ,1,5780.7,DUS,Company,APOTEK SAHABAT,Apotek,P,AMPICILLIN,ZPJ1,Produk jadi,BOTOL,17000,Padang
2022-02-22,TA,CAB08,IN6260,CUST55564,BRG0005,Z31,BRND005,203,SLCYL ,10,5648.3,DUS,Company,KLINIK SAHABAT,Klinik,P,KLORPROMAZINA TABLET SALUT SELAPUT 100 MG,ZPJ1,Produk jadi,TABLET,47000,Tangerang
2022-03-02,EPM,CAB04,IN6171,CUST55545,BRG0006,Z32,BRND006,205,OGB & PH ,25,2819.2,DUS,Company,APOTEK TAPAK,Apotek,P,KETOCONAZOLE TABLET 200 MG,ZPJ1,Produk jadi,TABLET,39000,Aceh
2022-03-03,TD,CAB02,IN6137,CUST55573,BRG0004,Z32,BRND004,201,VNS ,9,8700.7,DUS,Company,APOTEK SAHABAT,Apotek,P,TRAMADOL KAPSUL 50 MG,ZPJ1,Produk jadi,KAPSUL,24500,Padang
2022-03-04,TA,CAB03,IN6271,CUST55604,BRG0005,Z31,BRND005,203,SLCYL ,22,5648.3,DUS,Company,KLINIK DR. ANDRI,Klinik,P,KLORPROMAZINA TABLET SALUT SELAPUT 100 MG,ZPJ1,Produk jadi,TABLET,47000,Lampung
2022-03-05,TD,CAB03,IN6273,CUST55634,BRG0005,Z31,BRND005,203,SLCYL ,79,5648.3,DUS,Company,KLINIK DR. ANDRI,Klinik,P,KLORPROMAZINA TABLET SALUT SELAPUT 100 MG,ZPJ1,Produk jadi,TABLET,47000,Lampung
2022-03-05,EPM,CAB05,IN6270,CUST55696,BRG0007,Z32,BRND007,206,ETIKAL ,19,4592.1,DUS,Company,APOTEK MAJA,Apotek,P,ERGOTAMINE COFFEINE,ZPJ1,Produk jadi,BOTOL,64700,Kuningan
2022-03-05,TA,CAB05,IN6112,CUST55726,BRG0007,Z32,BRND007,206,ETIKAL ,34,4592.1,DUS,Company,APOTEK MAJA,Apotek,P,ERGOTAMINE COFFEINE,ZPJ1,Produk jadi,BOTOL,64700,Kuningan
2022-03-05,TD,CAB01,IN6037,CUST55721,BRG0002,Z31,BRND002,203,ETIKAL ,45,2337.5,DUS,Company,KLINIK SAHABAT,Klinik,P,ALERGINE TABLET SALUT,ZPJ1,Produk jadi,DUS,112000,Tangerang
2022-03-05,TA,CAB10,IN6115,CUST55716,BRG0007,Z32,BRND007,206,ETIKAL ,10,4592.1,DUS,Company,APOTEK SAHABAT,Apotek,P,ERGOTAMINE COFFEINE,ZPJ1,Produk jadi,BOTOL,64700,Padang
2022-03-05,TD,CAB05,IN6294,CUST55711,BRG0002,Z32,BRND002,203,ETIKAL ,98,2337.5,DUS,Company,APOTEK MAJA,Apotek,P,ALERGINE TABLET SALUT,ZPJ1,Produk jadi,DUS,112000,Kuningan
2022-03-05,TA,CAB01,IN5990,CUST55706,BRG0001,Z31,BRND007,206,ETIKAL ,10,4592.1,DUS,Company,KLINIK SAHABAT,Klinik,P,ACYCLOVIR DUS,ZPJ1,Produk jadi,DUS,96000,Tangerang
2022-03-05,TD,CAB10,IN6213,CUST55701,BRG0002,Z32,BRND002,203,ETIKAL ,22,2337.5,DUS,Company,APOTEK SAHABAT,Apotek,P,ALERGINE TABLET SALUT,ZPJ1,Produk jadi,DUS,112000,Padang
2022-03-06,TA,CAB03,IN6032,CUST55679,BRG0004,Z31,BRND010,201,SLCYL ,23,6940.3,DUS,Company,KLINIK DR. ANDRI,Klinik,P,TRAMADOL KAPSUL 50 MG,ZPJ1,Produk jadi,KAPSUL,24500,Lampung
2022-03-22,EPM,CAB06,IN6290,CUST55592,BRG0003,Z31,BRND003,210,MARCKS ,67,10690.6,DUS,Company,KLINIK GM,Klinik,P,AMPICILLIN,ZPJ1,Produk jadi,BOTOL,17000,Jakarta
2022-04-02,TD,CAB05,IN6002,CUST55546,BRG0007,Z32,BRND007,206,ETIKAL ,14,4592.1,DUS,Company,APOTEK MAJA,Apotek,P,ERGOTAMINE COFFEINE,ZPJ1,Produk jadi,BOTOL,64700,Kuningan
2022-04-03,TA,CAB03,IN6189,CUST55574,BRG0005,Z31,BRND005,203,SLCYL ,1,5648.3,DUS,Company,KLINIK DR. ANDRI,Klinik,P,KLORPROMAZINA TABLET SALUT SELAPUT 100 MG,ZPJ1,Produk jadi,TABLET,47000,Lampung
2022-04-04,EPM,CAB04,IN6207,CUST55605,BRG0006,Z32,BRND006,205,OGB & PH ,12,2819.2,DUS,Company,APOTEK TAPAK,Apotek,P,KETOCONAZOLE TABLET 200 MG,ZPJ1,Produk jadi,TABLET,39000,Aceh
2022-04-06,EPM,CAB04,IN6198,CUST55680,BRG0001,Z32,BRND001,206,OGB & PH ,4,1169.91,DUS,Company,APOTEK TAPAK,Apotek,P,ACYCLOVIR DUS,ZPJ1,Produk jadi,DUS,96000,Aceh
2022-04-22,TD,CAB07,IN6139,CUST55623,BRG0004,Z32,BRND004,201,VNS ,78,8700.7,DUS,Company,APOTEK MERDEKA,Apotek,P,TRAMADOL KAPSUL 50 MG,ZPJ1,Produk jadi,KAPSUL,24500,Bandung
2022-05-02,TA,CAB06,IN6261,CUST55547,BRG0008,Z31,BRND008,204,MARCKS ,24,3991.9,DUS,Company,KLINIK GM,Klinik,P,TETRACYCLINE KAPSUL 250 MG,ZPJ1,Produk jadi,KAPSUL,9800,Jakarta
2022-05-03,EPM,CAB04,IN6229,CUST55575,BRG0006,Z32,BRND006,205,OGB & PH ,5,2819.2,DUS,Company,APOTEK TAPAK,Apotek,P,KETOCONAZOLE TABLET 200 MG,ZPJ1,Produk jadi,TABLET,39000,Aceh
2022-05-04,TD,CAB05,IN6187,CUST55606,BRG0007,Z32,BRND007,206,ETIKAL ,25,4592.1,DUS,Company,APOTEK MAJA,Apotek,P,ERGOTAMINE COFFEINE,ZPJ1,Produk jadi,BOTOL,64700,Kuningan
2022-05-06,TD,CAB05,IN6212,CUST55681,BRG0002,Z32,BRND002,203,ETIKAL ,2,2337.5,DUS,Company,APOTEK MAJA,Apotek,P,ALERGINE TABLET SALUT,ZPJ1,Produk jadi,DUS,112000,Kuningan
2022-05-22,TD,CAB06,IN6117,CUST55667,BRG0008,Z31,BRND008,204,MARCKS ,5,3991.9,DUS,Company,KLINIK GM,Klinik,P,TETRACYCLINE KAPSUL 250 MG,ZPJ1,Produk jadi,KAPSUL,9800,Jakarta
2022-05-22,EPM,CAB07,IN6295,CUST55653,BRG0004,Z32,BRND004,201,VNS ,8,8700.7,DUS,Company,APOTEK MERDEKA,Apotek,P,TRAMADOL KAPSUL 50 MG,ZPJ1,Produk jadi,KAPSUL,24500,Bandung
2022-06-02,EPM,CAB07,IN6088,CUST55548,BRG0009,Z32,BRND009,207,VNS ,10,5780.7,DUS,Company,APOTEK MERDEKA,Apotek,P,AMBROXOL HC,ZPJ1,Produk jadi,BOTOL,31000,Bandung
2022-06-03,TD,CAB05,IN6110,CUST55576,BRG0007,Z32,BRND007,206,ETIKAL ,9,4592.1,DUS,Company,APOTEK MAJA,Apotek,P,ERGOTAMINE COFFEINE,ZPJ1,Produk jadi,BOTOL,64700,Kuningan
2022-06-04,TD,CAB06,IN5995,CUST55607,BRG0008,Z31,BRND008,204,MARCKS ,14,3991.9,DUS,Company,KLINIK GM,Klinik,P,TETRACYCLINE KAPSUL 250 MG,ZPJ1,Produk jadi,KAPSUL,9800,Jakarta
2022-06-06,TA,CAB06,IN6288,CUST55682,BRG0003,Z31,BRND003,210,MARCKS ,17,10690.6,DUS,Company,KLINIK GM,Klinik,P,AMPICILLIN,ZPJ1,Produk jadi,BOTOL,17000,Jakarta
2022-07-02,TD,CAB08,IN6181,CUST55549,BRG0010,Z31,BRND010,208,SLCYL ,130,6940.3,DUS,Company,KLINIK SAHABAT,Klinik,P,PARACETAMOL,ZPJ1,Produk jadi,BOTOL,21000,Tangerang
2022-07-03,TA,CAB06,IN6182,CUST55577,BRG0008,Z31,BRND008,204,MARCKS ,13,3991.9,DUS,Company,KLINIK GM,Klinik,P,TETRACYCLINE KAPSUL 250 MG,ZPJ1,Produk jadi,KAPSUL,9800,Jakarta
2022-07-04,TA,CAB07,IN6156,CUST55608,BRG0009,Z32,BRND009,207,VNS ,24,5780.7,DUS,Company,APOTEK MERDEKA,Apotek,P,AMBROXOL HC,ZPJ1,Produk jadi,BOTOL,31000,Bandung
2022-07-06,EPM,CAB07,IN6059,CUST55683,BRG0004,Z32,BRND004,201,VNS ,11,8700.7,DUS,Company,APOTEK MERDEKA,Apotek,P,TRAMADOL KAPSUL 50 MG,ZPJ1,Produk jadi,KAPSUL,24500,Bandung
2022-08-02,TA,CAB09,IN6135,CUST55550,BRG0001,Z32,BRND001,206,OGB & PH ,12,1169.91,DUS,Company,APOTEK SINAR JAYA,Apotek,P,ACYCLOVIR DUS,ZPJ1,Produk jadi,DUS,96000,Bekasi
2022-08-03,EPM,CAB07,IN6164,CUST55578,BRG0009,Z32,BRND009,207,VNS ,1,5780.7,DUS,Company,APOTEK MERDEKA,Apotek,P,AMBROXOL HC,ZPJ1,Produk jadi,BOTOL,31000,Bandung
2022-08-04,EPM,CAB08,IN6232,CUST55609,BRG0010,Z31,BRND010,208,SLCYL ,10,6940.3,DUS,Company,KLINIK SAHABAT,Klinik,P,PARACETAMOL,ZPJ1,Produk jadi,BOTOL,21000,Tangerang
2022-08-06,TD,CAB08,IN6236,CUST55684,BRG0005,Z31,BRND005,203,SLCYL ,12,5648.3,DUS,Company,KLINIK SAHABAT,Klinik,P,KLORPROMAZINA TABLET SALUT SELAPUT 100 MG,ZPJ1,Produk jadi,TABLET,47000,Tangerang
2022-09-02,EPM,CAB10,IN5988,CUST55551,BRG0002,Z32,BRND002,203,ETIKAL ,10,2337.5,DUS,Company,APOTEK SAHABAT,Apotek,P,ALERGINE TABLET SALUT,ZPJ1,Produk jadi,DUS,112000,Padang
2022-09-03,TD,CAB08,IN6016,CUST55579,BRG0010,Z31,BRND010,208,SLCYL ,5,6940.3,DUS,Company,KLINIK SAHABAT,Klinik,P,PARACETAMOL,ZPJ1,Produk jadi,BOTOL,21000,Tangerang
2022-09-04,TD,CAB09,IN5998,CUST55610,BRG0001,Z32,BRND001,206,OGB & PH ,23,1169.91,DUS,Company,APOTEK SINAR JAYA,Apotek,P,ACYCLOVIR DUS,ZPJ1,Produk jadi,DUS,96000,Bekasi
2022-09-06,TA,CAB09,IN6296,CUST55685,BRG0006,Z32,BRND006,205,OGB & PH ,12,2819.2,DUS,Company,APOTEK SINAR JAYA,Apotek,P,KETOCONAZOLE TABLET 200 MG,ZPJ1,Produk jadi,TABLET,39000,Bekasi
2022-10-02,TD,CAB01,IN6234,CUST55552,BRG0003,Z32,BRND003,210,MARCKS ,67,10690.6,DUS,Company,APOTEK TAPAK,Apotek,P,AMPICILLIN,ZPJ1,Produk jadi,BOTOL,17000,Aceh
2022-10-03,TD,CAB09,IN6043,CUST55580,BRG0001,Z32,BRND001,206,OGB & PH ,9,1169.91,DUS,Company,APOTEK SINAR JAYA,Apotek,P,ACYCLOVIR DUS,ZPJ1,Produk jadi,DUS,96000,Bekasi
2022-10-04,TA,CAB10,IN6227,CUST55611,BRG0002,Z32,BRND002,203,ETIKAL ,12,2337.5,DUS,Company,APOTEK SAHABAT,Apotek,P,ALERGINE TABLET SALUT,ZPJ1,Produk jadi,DUS,112000,Padang
2022-10-06,EPM,CAB10,IN6324,CUST55686,BRG0007,Z32,BRND007,206,ETIKAL ,25,4592.1,DUS,Company,APOTEK SAHABAT,Apotek,P,ERGOTAMINE COFFEINE,ZPJ1,Produk jadi,BOTOL,64700,Padang
2022-11-02,TD,CAB01,IN6319,CUST55553,BRG0004,Z32,BRND004,201,VNS ,98,8700.7,DUS,Company,APOTEK MAJA,Apotek,P,TRAMADOL KAPSUL 50 MG,ZPJ1,Produk jadi,KAPSUL,24500,Kuningan
2022-11-03,TA,CAB10,IN6020,CUST55581,BRG0002,Z32,BRND002,203,ETIKAL ,1,2337.5,DUS,Company,APOTEK SAHABAT,Apotek,P,ALERGINE TABLET SALUT,ZPJ1,Produk jadi,DUS,112000,Padang
2022-11-04,EPM,CAB01,IN6027,CUST55612,BRG0003,Z32,BRND003,210,MARCKS ,10,10690.6,DUS,Company,APOTEK TAPAK,Apotek,P,AMPICILLIN,ZPJ1,Produk jadi,BOTOL,17000,Aceh
2022-11-06,TD,CAB01,IN6091,CUST55687,BRG0008,Z32,BRND008,204,MARCKS ,14,3991.9,DUS,Company,APOTEK TAPAK,Apotek,P,TETRACYCLINE KAPSUL 250 MG,ZPJ1,Produk jadi,KAPSUL,9800,Aceh
2022-12-02,TA,CAB02,IN6006,CUST55554,BRG0005,Z31,BRND005,203,SLCYL ,5,5648.3,DUS,Company,KLINIK GM,Klinik,P,KLORPROMAZINA TABLET SALUT SELAPUT 100 MG,ZPJ1,Produk jadi,TABLET,47000,Jakarta
2022-12-03,EPM,CAB01,IN6206,CUST55582,BRG0003,Z32,BRND003,210,MARCKS ,23,10690.6,DUS,Company,APOTEK TAPAK,Apotek,P,AMPICILLIN,ZPJ1,Produk jadi,BOTOL,17000,Aceh
2022-12-04,TD,CAB01,IN6157,CUST55613,BRG0004,Z32,BRND004,201,VNS ,67,8700.7,DUS,Company,APOTEK MAJA,Apotek,P,TRAMADOL KAPSUL 50 MG,ZPJ1,Produk jadi,KAPSUL,24500,Kuningan
2022-12-06,TD,CAB01,IN6033,CUST55688,BRG0009,Z32,BRND009,207,VNS ,34,5780.7,DUS,Company,APOTEK MAJA,Apotek,P,AMBROXOL HC,ZPJ1,Produk jadi,BOTOL,31000,Kuningan
2023-01-22,TA,CAB03,IN6284,CUST55540,BRG0001,Z32,BRND001,206,OGB & PH ,76,1169.91,DUS,Company,APOTEK MERDEKA,Apotek,P,ACYCLOVIR DUS,ZPJ1,Produk jadi,DUS,96000,Bandung
2023-01-22,EPM,CAB08,IN6242,CUST55534,BRG0005,Z31,BRND005,203,SLCYL ,44,5648.3,DUS,Company,KLINIK SAHABAT,Klinik,P,KLORPROMAZINA TABLET SALUT SELAPUT 100 MG,ZPJ1,Produk jadi,TABLET,47000,Tangerang
2023-01-22,EPM,CAB02,IN6202,CUST55528,BRG0003,Z32,BRND009,210,VNS ,34,5780.7,DUS,Company,APOTEK SAHABAT,Apotek,P,AMPICILLIN,ZPJ1,Produk jadi,BOTOL,17000,Padang
2023-01-22,TD,CAB01,IN6317,CUST55522,BRG0003,Z32,BRND003,210,MARCKS ,10,10690.6,DUS,Company,APOTEK TAPAK,Apotek,P,AMPICILLIN,ZPJ1,Produk jadi,BOTOL,17000,Aceh
2023-01-22,TD,CAB05,IN6308,CUST55516,BRG0007,Z32,BRND007,206,ETIKAL ,67,4592.1,DUS,Company,APOTEK MAJA,Apotek,P,ERGOTAMINE COFFEINE,ZPJ1,Produk jadi,BOTOL,64700,Kuningan
2023-01-22,TA,CAB03,IN6215,CUST55510,BRG0001,Z32,BRND001,206,OGB & PH ,14,1169.91,DUS,Company,APOTEK MERDEKA,Apotek,P,ACYCLOVIR DUS,ZPJ1,Produk jadi,DUS,96000,Bandung
2023-01-22,EPM,CAB08,IN6221,CUST55504,BRG0005,Z31,BRND005,203,SLCYL ,25,5648.3,DUS,Company,KLINIK SAHABAT,Klinik,P,KLORPROMAZINA TABLET SALUT SELAPUT 100 MG,ZPJ1,Produk jadi,TABLET,47000,Tangerang
2023-01-22,TD,CAB02,IN6183,CUST55498,BRG0003,Z32,BRND009,210,VNS ,25,5780.7,DUS,Company,APOTEK SAHABAT,Apotek,P,AMPICILLIN,ZPJ1,Produk jadi,BOTOL,17000,Padang
2023-01-22,TD,CAB01,IN6289,CUST55492,BRG0003,Z32,BRND003,210,MARCKS ,25,10690.6,DUS,Company,APOTEK TAPAK,Apotek,P,AMPICILLIN,ZPJ1,Produk jadi,BOTOL,17000,Aceh
2023-01-22,TA,CAB05,IN6210,CUST55486,BRG0007,Z32,BRND007,206,ETIKAL ,4,4592.1,DUS,Company,APOTEK MAJA,Apotek,P,ERGOTAMINE COFFEINE,ZPJ1,Produk jadi,BOTOL,64700,Kuningan
2023-01-22,EPM,CAB03,IN6039,CUST55480,BRG0001,Z32,BRND001,206,OGB & PH ,13,1169.91,DUS,Company,APOTEK MERDEKA,Apotek,P,ACYCLOVIR DUS,ZPJ1,Produk jadi,DUS,96000,Bandung
2023-01-22,TD,CAB04,IN6280,CUST55384,BRG0005,Z31,BRND005,203,SLCYL ,1,5648.3,DUS,Company,KLINIK SAHABAT,Klinik,P,KLORPROMAZINA TABLET SALUT SELAPUT 100 MG,ZPJ1,Produk jadi,TABLET,47000,Tangerang
2023-01-22,TA,CAB05,IN6052,CUST55385,BRG0006,Z32,BRND006,205,OGB & PH ,5,2819.2,DUS,Company,APOTEK SINAR JAYA,Apotek,P,KETOCONAZOLE TABLET 200 MG,ZPJ1,Produk jadi,TABLET,39000,Bekasi
2023-01-22,TD,CAB07,IN6251,CUST55387,BRG0008,Z32,BRND008,204,MARCKS ,1,3991.9,DUS,Company,APOTEK TAPAK,Apotek,P,TETRACYCLINE KAPSUL 250 MG,ZPJ1,Produk jadi,KAPSUL,9800,Aceh
2023-01-22,TD,CAB10,IN6190,CUST55390,BRG0001,Z32,BRND001,206,OGB & PH ,2,1169.91,DUS,Company,APOTEK MERDEKA,Apotek,P,ACYCLOVIR DUS,ZPJ1,Produk jadi,DUS,96000,Bandung
2023-01-22,TA,CAB01,IN6125,CUST55402,BRG0003,Z32,BRND003,210,MARCKS ,14,10690.6,DUS,Company,APOTEK TAPAK,Apotek,P,AMPICILLIN,ZPJ1,Produk jadi,BOTOL,17000,Aceh
2023-01-22,EPM,CAB05,IN6307,CUST55396,BRG0007,Z32,BRND007,206,ETIKAL ,14,4592.1,DUS,Company,APOTEK MAJA,Apotek,P,ERGOTAMINE COFFEINE,ZPJ1,Produk jadi,BOTOL,64700,Kuningan
2023-01-22,EPM,CAB05,IN6311,CUST55426,BRG0007,Z32,BRND007,206,ETIKAL ,7,4592.1,DUS,Company,APOTEK MAJA,Apotek,P,ERGOTAMINE COFFEINE,ZPJ1,Produk jadi,BOTOL,64700,Kuningan
2023-01-22,EPM,CAB03,IN6028,CUST55420,BRG0001,Z32,BRND001,206,OGB & PH ,98,1169.91,DUS,Company,APOTEK MERDEKA,Apotek,P,ACYCLOVIR DUS,ZPJ1,Produk jadi,DUS,96000,Bandung
2023-01-22,TD,CAB08,IN5991,CUST55414,BRG0005,Z31,BRND005,203,SLCYL ,24,5648.3,DUS,Company,KLINIK SAHABAT,Klinik,P,KLORPROMAZINA TABLET SALUT SELAPUT 100 MG,ZPJ1,Produk jadi,TABLET,47000,Tangerang
2023-01-22,TD,CAB02,IN6086,CUST55408,BRG0003,Z32,BRND009,210,VNS ,14,5780.7,DUS,Company,APOTEK SAHABAT,Apotek,P,AMPICILLIN,ZPJ1,Produk jadi,BOTOL,17000,Padang
2023-01-22,EPM,CAB08,IN6065,CUST55474,BRG0005,Z31,BRND005,203,SLCYL ,4,5648.3,DUS,Company,KLINIK SAHABAT,Klinik,P,KLORPROMAZINA TABLET SALUT SELAPUT 100 MG,ZPJ1,Produk jadi,TABLET,47000,Tangerang
2023-01-22,TD,CAB02,IN6286,CUST55468,BRG0003,Z32,BRND009,210,VNS ,120,5780.7,DUS,Company,APOTEK SAHABAT,Apotek,P,AMPICILLIN,ZPJ1,Produk jadi,BOTOL,17000,Padang
2023-01-22,TD,CAB01,IN6318,CUST55462,BRG0003,Z32,BRND003,210,MARCKS ,22,10690.6,DUS,Company,APOTEK TAPAK,Apotek,P,AMPICILLIN,ZPJ1,Produk jadi,BOTOL,17000,Aceh
2023-01-22,TA,CAB05,IN6216,CUST55456,BRG0007,Z32,BRND007,206,ETIKAL ,98,4592.1,DUS,Company,APOTEK MAJA,Apotek,P,ERGOTAMINE COFFEINE,ZPJ1,Produk jadi,BOTOL,64700,Kuningan
2023-01-22,EPM,CAB03,IN6233,CUST55450,BRG0001,Z32,BRND001,206,OGB & PH ,24,1169.91,DUS,Company,APOTEK MERDEKA,Apotek,P,ACYCLOVIR DUS,ZPJ1,Produk jadi,DUS,96000,Bandung
2023-01-22,TD,CAB08,IN6220,CUST55444,BRG0005,Z31,BRND005,203,SLCYL ,48,5648.3,DUS,Company,KLINIK SAHABAT,Klinik,P,KLORPROMAZINA TABLET SALUT SELAPUT 100 MG,ZPJ1,Produk jadi,TABLET,47000,Tangerang
2023-01-22,TD,CAB02,IN6217,CUST55438,BRG0003,Z32,BRND009,210,VNS ,5,5780.7,DUS,Company,APOTEK SAHABAT,Apotek,P,AMPICILLIN,ZPJ1,Produk jadi,BOTOL,17000,Padang
2023-01-22,TA,CAB01,IN5980,CUST55432,BRG0003,Z32,BRND003,210,MARCKS ,20,10690.6,DUS,Company,APOTEK TAPAK,Apotek,P,AMPICILLIN,ZPJ1,Produk jadi,BOTOL,17000,Aceh
2023-02-22,EPM,CAB09,IN6302,CUST55565,BRG0006,Z32,BRND006,205,OGB & PH ,120,2819.2,DUS,Company,APOTEK SINAR JAYA,Apotek,P,KETOCONAZOLE TABLET 200 MG,ZPJ1,Produk jadi,TABLET,39000,Bekasi
2023-03-22,TD,CAB07,IN6051,CUST55593,BRG0004,Z32,BRND004,201,VNS ,15,8700.7,DUS,Company,APOTEK MERDEKA,Apotek,P,TRAMADOL KAPSUL 50 MG,ZPJ1,Produk jadi,KAPSUL,24500,Bandung
2023-04-22,TD,CAB08,IN6126,CUST55624,BRG0005,Z31,BRND005,203,SLCYL ,45,5648.3,DUS,Company,KLINIK SAHABAT,Klinik,P,KLORPROMAZINA TABLET SALUT SELAPUT 100 MG,ZPJ1,Produk jadi,TABLET,47000,Tangerang
2023-05-22,TD,CAB08,IN6022,CUST55654,BRG0005,Z31,BRND005,203,SLCYL ,9,5648.3,DUS,Company,KLINIK SAHABAT,Klinik,P,KLORPROMAZINA TABLET SALUT SELAPUT 100 MG,ZPJ1,Produk jadi,TABLET,47000,Tangerang
2023-05-22,TA,CAB07,IN6201,CUST55668,BRG0009,Z32,BRND009,207,VNS ,4,5780.7,DUS,Company,APOTEK MERDEKA,Apotek,P,AMBROXOL HC,ZPJ1,Produk jadi,BOTOL,31000,Bandung
2024-02-22,TD,CAB10,IN6061,CUST55566,BRG0007,Z32,BRND007,206,ETIKAL ,12,4592.1,DUS,Company,APOTEK SAHABAT,Apotek,P,ERGOTAMINE COFFEINE,ZPJ1,Produk jadi,BOTOL,64700,Padang
2024-03-22,TA,CAB08,IN6076,CUST55594,BRG0005,Z31,BRND005,203,SLCYL ,12,5648.3,DUS,Company,KLINIK SAHABAT,Klinik,P,KLORPROMAZINA TABLET SALUT SELAPUT 100 MG,ZPJ1,Produk jadi,TABLET,47000,Tangerang
2024-04-22,TA,CAB09,IN6127,CUST55625,BRG0006,Z32,BRND006,205,OGB & PH ,34,2819.2,DUS,Company,APOTEK SINAR JAYA,Apotek,P,KETOCONAZOLE TABLET 200 MG,ZPJ1,Produk jadi,TABLET,39000,Bekasi
2024-05-22,TA,CAB09,IN6090,CUST55655,BRG0006,Z32,BRND006,205,OGB & PH ,21,2819.2,DUS,Company,APOTEK SINAR JAYA,Apotek,P,KETOCONAZOLE TABLET 200 MG,ZPJ1,Produk jadi,TABLET,39000,Bekasi
2024-05-22,EPM,CAB08,IN6179,CUST55669,BRG0010,Z31,BRND010,208,SLCYL ,8,6940.3,DUS,Company,KLINIK SAHABAT,Klinik,P,PARACETAMOL,ZPJ1,Produk jadi,BOTOL,21000,Tangerang
2025-01-22,EPM,CAB06,IN6089,CUST55386,BRG0007,Z32,BRND007,206,ETIKAL ,9,4592.1,DUS,Company,APOTEK SAHABAT,Apotek,P,ERGOTAMINE COFFEINE,ZPJ1,Produk jadi,BOTOL,64700,Padang
2025-02-22,TA,CAB01,IN6011,CUST55567,BRG0008,Z32,BRND008,204,MARCKS ,10,3991.9,DUS,Company,APOTEK TAPAK,Apotek,P,TETRACYCLINE KAPSUL 250 MG,ZPJ1,Produk jadi,KAPSUL,9800,Aceh
2025-03-22,EPM,CAB09,IN6140,CUST55595,BRG0006,Z32,BRND006,205,OGB & PH ,25,2819.2,DUS,Company,APOTEK SINAR JAYA,Apotek,P,KETOCONAZOLE TABLET 200 MG,ZPJ1,Produk jadi,TABLET,39000,Bekasi
2025-04-22,EPM,CAB10,IN6035,CUST55626,BRG0007,Z32,BRND007,206,ETIKAL ,20,4592.1,DUS,Company,APOTEK SAHABAT,Apotek,P,ERGOTAMINE COFFEINE,ZPJ1,Produk jadi,BOTOL,64700,Padang
2025-05-22,EPM,CAB10,IN5996,CUST55656,BRG0007,Z32,BRND007,206,ETIKAL ,22,4592.1,DUS,Company,APOTEK SAHABAT,Apotek,P,ERGOTAMINE COFFEINE,ZPJ1,Produk jadi,BOTOL,64700,Padang
2025-05-22,TD,CAB09,IN5978,CUST55670,BRG0001,Z32,BRND001,206,OGB & PH ,9,1169.91,DUS,Company,APOTEK SINAR JAYA,Apotek,P,ACYCLOVIR DUS,ZPJ1,Produk jadi,DUS,96000,Bekasi
2026-02-22,EPM,CAB01,IN6275,CUST55568,BRG0009,Z32,BRND009,207,VNS ,67,5780.7,DUS,Company,APOTEK MAJA,Apotek,P,AMBROXOL HC,ZPJ1,Produk jadi,BOTOL,31000,Kuningan
2026-03-22,TD,CAB10,IN6080,CUST55596,BRG0007,Z32,BRND007,206,ETIKAL ,14,4592.1,DUS,Company,APOTEK SAHABAT,Apotek,P,ERGOTAMINE COFFEINE,ZPJ1,Produk jadi,BOTOL,64700,Padang
2026-04-22,TA,CAB04,IN6047,CUST55635,BRG0006,Z32,BRND006,205,OGB & PH ,12,2819.2,DUS,Company,APOTEK TAPAK,Apotek,P,KETOCONAZOLE TABLET 200 MG,ZPJ1,Produk jadi,TABLET,39000,Aceh
2026-04-22,TD,CAB01,IN6309,CUST55627,BRG0008,Z32,BRND008,204,MARCKS ,45,3991.9,DUS,Company,APOTEK TAPAK,Apotek,P,TETRACYCLINE KAPSUL 250 MG,ZPJ1,Produk jadi,KAPSUL,9800,Aceh
2026-05-22,TD,CAB01,IN6111,CUST55657,BRG0008,Z32,BRND008,204,MARCKS ,12,3991.9,DUS,Company,APOTEK TAPAK,Apotek,P,TETRACYCLINE KAPSUL 250 MG,ZPJ1,Produk jadi,KAPSUL,9800,Aceh
2026-05-22,TD,CAB10,IN5993,CUST55671,BRG0002,Z32,BRND002,203,ETIKAL ,1,2337.5,DUS,Company,APOTEK SAHABAT,Apotek,P,ALERGINE TABLET SALUT,ZPJ1,Produk jadi,DUS,112000,Padang
2027-01-22,EPM,CAB01,IN6066,CUST55538,BRG0009,Z32,BRND009,207,VNS ,12,5780.7,DUS,Company,APOTEK MAJA,Apotek,P,AMBROXOL HC,ZPJ1,Produk jadi,BOTOL,31000,Kuningan
2027-01-22,TD,CAB01,IN6136,CUST55526,BRG0001,Z31,BRND007,206,ETIKAL ,78,4592.1,DUS,Company,KLINIK SAHABAT,Klinik,P,ACYCLOVIR DUS,ZPJ1,Produk jadi,DUS,96000,Tangerang
2027-01-22,TD,CAB06,IN6058,CUST55532,BRG0003,Z31,BRND003,210,MARCKS ,34,10690.6,DUS,Company,KLINIK GM,Klinik,P,AMPICILLIN,ZPJ1,Produk jadi,BOTOL,17000,Jakarta
2027-01-22,TD,CAB01,IN6095,CUST55478,BRG0009,Z32,BRND009,207,VNS ,5,5780.7,DUS,Company,APOTEK MAJA,Apotek,P,AMBROXOL HC,ZPJ1,Produk jadi,BOTOL,31000,Kuningan
2027-01-22,EPM,CAB03,IN6258,CUST55484,BRG0005,Z31,BRND005,203,SLCYL ,1,5648.3,DUS,Company,KLINIK DR. ANDRI,Klinik,P,KLORPROMAZINA TABLET SALUT SELAPUT 100 MG,ZPJ1,Produk jadi,TABLET,47000,Lampung
2027-01-22,TA,CAB09,IN6062,CUST55490,BRG0001,Z32,BRND001,206,OGB & PH ,12,1169.91,DUS,Company,APOTEK SINAR JAYA,Apotek,P,ACYCLOVIR DUS,ZPJ1,Produk jadi,DUS,96000,Bekasi
2027-01-22,TA,CAB01,IN6103,CUST55496,BRG0001,Z31,BRND007,206,ETIKAL ,15,4592.1,DUS,Company,KLINIK SAHABAT,Klinik,P,ACYCLOVIR DUS,ZPJ1,Produk jadi,DUS,96000,Tangerang
2027-01-22,TD,CAB06,IN6118,CUST55502,BRG0003,Z31,BRND003,210,MARCKS ,19,10690.6,DUS,Company,KLINIK GM,Klinik,P,AMPICILLIN,ZPJ1,Produk jadi,BOTOL,17000,Jakarta
2027-01-22,TD,CAB01,IN6228,CUST55508,BRG0009,Z32,BRND009,207,VNS ,12,5780.7,DUS,Company,APOTEK MAJA,Apotek,P,AMBROXOL HC,ZPJ1,Produk jadi,BOTOL,31000,Kuningan
2027-01-22,EPM,CAB03,IN6299,CUST55514,BRG0005,Z31,BRND005,203,SLCYL ,12,5648.3,DUS,Company,KLINIK DR. ANDRI,Klinik,P,KLORPROMAZINA TABLET SALUT SELAPUT 100 MG,ZPJ1,Produk jadi,TABLET,47000,Lampung
2027-01-22,TA,CAB09,IN6205,CUST55520,BRG0001,Z32,BRND001,206,OGB & PH ,8,1169.91,DUS,Company,APOTEK SINAR JAYA,Apotek,P,ACYCLOVIR DUS,ZPJ1,Produk jadi,DUS,96000,Bekasi
2027-01-22,TA,CAB08,IN6036,CUST55388,BRG0009,Z32,BRND009,207,VNS ,23,5780.7,DUS,Company,APOTEK MAJA,Apotek,P,AMBROXOL HC,ZPJ1,Produk jadi,BOTOL,31000,Kuningan
2027-01-22,TD,CAB03,IN6024,CUST55394,BRG0005,Z31,BRND005,203,SLCYL ,12,5648.3,DUS,Company,KLINIK DR. ANDRI,Klinik,P,KLORPROMAZINA TABLET SALUT SELAPUT 100 MG,ZPJ1,Produk jadi,TABLET,47000,Lampung
2027-01-22,TD,CAB09,IN6113,CUST55400,BRG0001,Z32,BRND001,206,OGB & PH ,12,1169.91,DUS,Company,APOTEK SINAR JAYA,Apotek,P,ACYCLOVIR DUS,ZPJ1,Produk jadi,DUS,96000,Bekasi
2027-01-22,EPM,CAB01,IN6173,CUST55406,BRG0001,Z31,BRND007,206,ETIKAL ,12,4592.1,DUS,Company,KLINIK SAHABAT,Klinik,P,ACYCLOVIR DUS,ZPJ1,Produk jadi,DUS,96000,Tangerang
2027-01-22,TA,CAB06,IN6146,CUST55412,BRG0003,Z31,BRND003,210,MARCKS ,25,10690.6,DUS,Company,KLINIK GM,Klinik,P,AMPICILLIN,ZPJ1,Produk jadi,BOTOL,17000,Jakarta
2027-01-22,TD,CAB01,IN6131,CUST55418,BRG0009,Z32,BRND009,207,VNS ,10,5780.7,DUS,Company,APOTEK MAJA,Apotek,P,AMBROXOL HC,ZPJ1,Produk jadi,BOTOL,31000,Kuningan
2027-01-22,TD,CAB03,IN6003,CUST55424,BRG0005,Z31,BRND005,203,SLCYL ,9,5648.3,DUS,Company,KLINIK DR. ANDRI,Klinik,P,KLORPROMAZINA TABLET SALUT SELAPUT 100 MG,ZPJ1,Produk jadi,TABLET,47000,Lampung
2027-01-22,EPM,CAB09,IN6306,CUST55430,BRG0001,Z32,BRND001,206,OGB & PH ,45,1169.91,DUS,Company,APOTEK SINAR JAYA,Apotek,P,ACYCLOVIR DUS,ZPJ1,Produk jadi,DUS,96000,Bekasi
2027-01-22,TA,CAB01,IN6219,CUST55436,BRG0001,Z31,BRND007,206,ETIKAL ,34,4592.1,DUS,Company,KLINIK SAHABAT,Klinik,P,ACYCLOVIR DUS,ZPJ1,Produk jadi,DUS,96000,Tangerang
2027-01-22,TA,CAB06,IN6124,CUST55442,BRG0003,Z31,BRND003,210,MARCKS ,95,10690.6,DUS,Company,KLINIK GM,Klinik,P,AMPICILLIN,ZPJ1,Produk jadi,BOTOL,17000,Jakarta
2027-01-22,TD,CAB01,IN6327,CUST55448,BRG0009,Z32,BRND009,207,VNS ,25,5780.7,DUS,Company,APOTEK MAJA,Apotek,P,AMBROXOL HC,ZPJ1,Produk jadi,BOTOL,31000,Kuningan
2027-01-22,TD,CAB03,IN6188,CUST55454,BRG0005,Z31,BRND005,203,SLCYL ,10,5648.3,DUS,Company,KLINIK DR. ANDRI,Klinik,P,KLORPROMAZINA TABLET SALUT SELAPUT 100 MG,ZPJ1,Produk jadi,TABLET,47000,Lampung
2027-01-22,EPM,CAB09,IN6238,CUST55460,BRG0001,Z32,BRND001,206,OGB & PH ,9,1169.91,DUS,Company,APOTEK SINAR JAYA,Apotek,P,ACYCLOVIR DUS,ZPJ1,Produk jadi,DUS,96000,Bekasi
2027-01-22,TA,CAB01,IN6161,CUST55466,BRG0001,Z31,BRND007,206,ETIKAL ,24,4592.1,DUS,Company,KLINIK SAHABAT,Klinik,P,ACYCLOVIR DUS,ZPJ1,Produk jadi,DUS,96000,Tangerang
2027-01-22,TD,CAB06,IN6074,CUST55472,BRG0003,Z31,BRND003,210,MARCKS ,98,10690.6,DUS,Company,KLINIK GM,Klinik,P,AMPICILLIN,ZPJ1,Produk jadi,BOTOL,17000,Jakarta
2027-02-22,TD,CAB02,IN6114,CUST55569,BRG0010,Z31,BRND010,208,SLCYL ,98,6940.3,DUS,Company,KLINIK GM,Klinik,P,PARACETAMOL,ZPJ1,Produk jadi,BOTOL,21000,Jakarta
2027-03-22,TD,CAB01,IN6153,CUST55597,BRG0008,Z32,BRND008,204,MARCKS ,18,3991.9,DUS,Company,APOTEK TAPAK,Apotek,P,TETRACYCLINE KAPSUL 250 MG,ZPJ1,Produk jadi,KAPSUL,9800,Aceh
2027-04-22,EPM,CAB05,IN6071,CUST55636,BRG0007,Z32,BRND007,206,ETIKAL ,95,4592.1,DUS,Company,APOTEK MAJA,Apotek,P,ERGOTAMINE COFFEINE,ZPJ1,Produk jadi,BOTOL,64700,Kuningan
2027-04-22,TA,CAB01,IN6073,CUST55628,BRG0009,Z32,BRND009,207,VNS ,34,5780.7,DUS,Company,APOTEK MAJA,Apotek,P,AMBROXOL HC,ZPJ1,Produk jadi,BOTOL,31000,Kuningan
2027-05-22,TA,CAB01,IN6160,CUST55672,BRG0003,Z32,BRND003,210,MARCKS ,5,10690.6,DUS,Company,APOTEK TAPAK,Apotek,P,AMPICILLIN,ZPJ1,Produk jadi,BOTOL,17000,Aceh
2028-01-22,TD,CAB02,IN6303,CUST55539,BRG0010,Z31,BRND010,208,SLCYL ,95,6940.3,DUS,Company,KLINIK GM,Klinik,P,PARACETAMOL,ZPJ1,Produk jadi,BOTOL,21000,Jakarta
2028-01-22,TA,CAB07,IN6246,CUST55533,BRG0004,Z32,BRND004,201,VNS ,34,8700.7,DUS,Company,APOTEK MERDEKA,Apotek,P,TRAMADOL KAPSUL 50 MG,ZPJ1,Produk jadi,KAPSUL,24500,Bandung
2028-01-22,TA,CAB01,IN6314,CUST55527,BRG0002,Z32,BRND008,203,MARCKS ,45,3991.9,DUS,Company,APOTEK SINAR JAYA,Apotek,P,ALERGINE TABLET SALUT,ZPJ1,Produk jadi,DUS,112000,Bekasi
2028-01-22,EPM,CAB10,IN6325,CUST55521,BRG0002,Z32,BRND002,203,ETIKAL ,9,2337.5,DUS,Company,APOTEK SAHABAT,Apotek,P,ALERGINE TABLET SALUT,ZPJ1,Produk jadi,DUS,112000,Padang
2028-01-22,TD,CAB04,IN6064,CUST55515,BRG0006,Z32,BRND006,205,OGB & PH ,10,2819.2,DUS,Company,APOTEK TAPAK,Apotek,P,KETOCONAZOLE TABLET 200 MG,ZPJ1,Produk jadi,TABLET,39000,Aceh
2028-01-22,TD,CAB02,IN6199,CUST55509,BRG0010,Z31,BRND010,208,SLCYL ,25,6940.3,DUS,Company,KLINIK GM,Klinik,P,PARACETAMOL,ZPJ1,Produk jadi,BOTOL,21000,Jakarta
2028-01-22,TA,CAB07,IN6162,CUST55503,BRG0004,Z32,BRND004,201,VNS ,12,8700.7,DUS,Company,APOTEK MERDEKA,Apotek,P,TRAMADOL KAPSUL 50 MG,ZPJ1,Produk jadi,KAPSUL,24500,Bandung
2028-01-22,EPM,CAB01,IN6172,CUST55497,BRG0002,Z32,BRND008,203,MARCKS ,12,3991.9,DUS,Company,APOTEK SINAR JAYA,Apotek,P,ALERGINE TABLET SALUT,ZPJ1,Produk jadi,DUS,112000,Bekasi
2028-01-22,EPM,CAB10,IN6167,CUST55491,BRG0002,Z32,BRND002,203,ETIKAL ,12,2337.5,DUS,Company,APOTEK SAHABAT,Apotek,P,ALERGINE TABLET SALUT,ZPJ1,Produk jadi,DUS,112000,Padang
2028-01-22,TD,CAB04,IN6070,CUST55485,BRG0006,Z32,BRND006,205,OGB & PH ,23,2819.2,DUS,Company,APOTEK TAPAK,Apotek,P,KETOCONAZOLE TABLET 200 MG,ZPJ1,Produk jadi,TABLET,39000,Aceh
2028-01-22,TA,CAB02,IN6049,CUST55479,BRG0010,Z31,BRND010,208,SLCYL ,9,6940.3,DUS,Company,KLINIK GM,Klinik,P,PARACETAMOL,ZPJ1,Produk jadi,BOTOL,21000,Jakarta
2028-01-22,TA,CAB07,IN6200,CUST55473,BRG0004,Z32,BRND004,201,VNS ,5,8700.7,DUS,Company,APOTEK MERDEKA,Apotek,P,TRAMADOL KAPSUL 50 MG,ZPJ1,Produk jadi,KAPSUL,24500,Bandung
2028-01-22,EPM,CAB01,IN6292,CUST55467,BRG0002,Z32,BRND008,203,MARCKS ,10,3991.9,DUS,Company,APOTEK SINAR JAYA,Apotek,P,ALERGINE TABLET SALUT,ZPJ1,Produk jadi,DUS,112000,Bekasi
2028-01-22,TD,CAB10,IN6214,CUST55461,BRG0002,Z32,BRND002,203,ETIKAL ,21,2337.5,DUS,Company,APOTEK SAHABAT,Apotek,P,ALERGINE TABLET SALUT,ZPJ1,Produk jadi,DUS,112000,Padang
2028-01-22,TD,CAB04,IN6116,CUST55455,BRG0006,Z32,BRND006,205,OGB & PH ,67,2819.2,DUS,Company,APOTEK TAPAK,Apotek,P,KETOCONAZOLE TABLET 200 MG,ZPJ1,Produk jadi,TABLET,39000,Aceh
2028-01-22,TA,CAB02,IN6119,CUST55449,BRG0010,Z31,BRND010,208,SLCYL ,14,6940.3,DUS,Company,KLINIK GM,Klinik,P,PARACETAMOL,ZPJ1,Produk jadi,BOTOL,21000,Jakarta
2028-01-22,EPM,CAB07,IN5981,CUST55443,BRG0004,Z32,BRND004,201,VNS ,76,8700.7,DUS,Company,APOTEK MERDEKA,Apotek,P,TRAMADOL KAPSUL 50 MG,ZPJ1,Produk jadi,KAPSUL,24500,Bandung
2028-01-22,EPM,CAB01,IN6053,CUST55437,BRG0002,Z32,BRND008,203,MARCKS ,44,3991.9,DUS,Company,APOTEK SINAR JAYA,Apotek,P,ALERGINE TABLET SALUT,ZPJ1,Produk jadi,DUS,112000,Bekasi
2028-01-22,TD,CAB10,IN6253,CUST55431,BRG0002,Z32,BRND002,203,ETIKAL ,34,2337.5,DUS,Company,APOTEK SAHABAT,Apotek,P,ALERGINE TABLET SALUT,ZPJ1,Produk jadi,DUS,112000,Padang
2028-01-22,TA,CAB04,IN6247,CUST55425,BRG0006,Z32,BRND006,205,OGB & PH ,10,2819.2,DUS,Company,APOTEK TAPAK,Apotek,P,KETOCONAZOLE TABLET 200 MG,ZPJ1,Produk jadi,TABLET,39000,Aceh
2028-01-22,TA,CAB02,IN6262,CUST55419,BRG0010,Z31,BRND010,208,SLCYL ,67,6940.3,DUS,Company,KLINIK GM,Klinik,P,PARACETAMOL,ZPJ1,Produk jadi,BOTOL,21000,Jakarta
2028-01-22,EPM,CAB07,IN6230,CUST55413,BRG0004,Z32,BRND004,201,VNS ,14,8700.7,DUS,Company,APOTEK MERDEKA,Apotek,P,TRAMADOL KAPSUL 50 MG,ZPJ1,Produk jadi,KAPSUL,24500,Bandung
2028-01-22,TD,CAB01,IN6013,CUST55407,BRG0002,Z32,BRND008,203,MARCKS ,25,3991.9,DUS,Company,APOTEK SINAR JAYA,Apotek,P,ALERGINE TABLET SALUT,ZPJ1,Produk jadi,DUS,112000,Bekasi
2028-01-22,TD,CAB10,IN6141,CUST55401,BRG0002,Z32,BRND002,203,ETIKAL ,25,2337.5,DUS,Company,APOTEK SAHABAT,Apotek,P,ALERGINE TABLET SALUT,ZPJ1,Produk jadi,DUS,112000,Padang
2028-01-22,TA,CAB04,IN6184,CUST55395,BRG0006,Z32,BRND006,205,OGB & PH ,25,2819.2,DUS,Company,APOTEK TAPAK,Apotek,P,KETOCONAZOLE TABLET 200 MG,ZPJ1,Produk jadi,TABLET,39000,Aceh
2028-01-22,EPM,CAB09,IN6029,CUST55389,BRG0010,Z31,BRND010,208,SLCYL ,4,6940.3,DUS,Company,KLINIK GM,Klinik,P,PARACETAMOL,ZPJ1,Produk jadi,BOTOL,21000,Jakarta
2028-02-22,TD,CAB03,IN6041,CUST55570,BRG0001,Z32,BRND001,206,OGB & PH ,5,1169.91,DUS,Company,APOTEK MERDEKA,Apotek,P,ACYCLOVIR DUS,ZPJ1,Produk jadi,DUS,96000,Bandung
2028-03-22,TA,CAB01,IN5979,CUST55598,BRG0009,Z32,BRND009,207,VNS ,18,5780.7,DUS,Company,APOTEK MAJA,Apotek,P,AMBROXOL HC,ZPJ1,Produk jadi,BOTOL,31000,Kuningan
2028-04-22,TD,CAB06,IN6009,CUST55637,BRG0008,Z31,BRND008,204,MARCKS ,76,3991.9,DUS,Company,KLINIK GM,Klinik,P,TETRACYCLINE KAPSUL 250 MG,ZPJ1,Produk jadi,KAPSUL,9800,Jakarta
2028-04-22,EPM,CAB02,IN6277,CUST55629,BRG0010,Z31,BRND010,208,SLCYL ,34,6940.3,DUS,Company,KLINIK GM,Klinik,P,PARACETAMOL,ZPJ1,Produk jadi,BOTOL,21000,Jakarta
2028-05-22,EPM,CAB01,IN6282,CUST55673,BRG0004,Z32,BRND004,201,VNS ,9,8700.7,DUS,Company,APOTEK MAJA,Apotek,P,TRAMADOL KAPSUL 50 MG,ZPJ1,Produk jadi,KAPSUL,24500,Kuningan
2029-03-22,EPM,CAB02,IN6098,CUST55599,BRG0010,Z31,BRND010,208,SLCYL ,19,6940.3,DUS,Company,KLINIK GM,Klinik,P,PARACETAMOL,ZPJ1,Produk jadi,BOTOL,21000,Jakarta
2029-04-22,TD,CAB03,IN6197,CUST55630,BRG0001,Z32,BRND001,206,OGB & PH ,34,1169.91,DUS,Company,APOTEK MERDEKA,Apotek,P,ACYCLOVIR DUS,ZPJ1,Produk jadi,DUS,96000,Bandung
2029-05-22,TD,CAB02,IN6093,CUST55674,BRG0005,Z31,BRND005,203,SLCYL ,13,5648.3,DUS,Company,KLINIK GM,Klinik,P,KLORPROMAZINA TABLET SALUT SELAPUT 100 MG,ZPJ1,Produk jadi,TABLET,47000,Jakarta
2030-01-22,EPM,CAB01,IN6240,CUST55541,BRG0002,Z31,BRND002,203,ETIKAL ,48,2337.5,DUS,Company,KLINIK SAHABAT,Klinik,P,ALERGINE TABLET SALUT,ZPJ1,Produk jadi,DUS,112000,Tangerang
2030-01-22,TD,CAB03,IN6279,CUST55529,BRG0004,Z31,BRND010,201,SLCYL ,20,6940.3,DUS,Company,KLINIK DR. ANDRI,Klinik,P,TRAMADOL KAPSUL 50 MG,ZPJ1,Produk jadi,KAPSUL,24500,Lampung
2030-01-22,TD,CAB09,IN5982,CUST55535,BRG0006,Z32,BRND006,205,OGB & PH ,5,2819.2,DUS,Company,APOTEK SINAR JAYA,Apotek,P,KETOCONAZOLE TABLET 200 MG,ZPJ1,Produk jadi,TABLET,39000,Bekasi
2030-01-22,TD,CAB01,IN6276,CUST55481,BRG0002,Z31,BRND002,203,ETIKAL ,1,2337.5,DUS,Company,KLINIK SAHABAT,Klinik,P,ALERGINE TABLET SALUT,ZPJ1,Produk jadi,DUS,112000,Tangerang
2030-01-22,EPM,CAB06,IN6083,CUST55487,BRG0008,Z31,BRND008,204,MARCKS ,2,3991.9,DUS,Company,KLINIK GM,Klinik,P,TETRACYCLINE KAPSUL 250 MG,ZPJ1,Produk jadi,KAPSUL,9800,Jakarta
2030-01-22,TA,CAB01,IN6305,CUST55493,BRG0004,Z32,BRND004,201,VNS ,14,8700.7,DUS,Company,APOTEK MAJA,Apotek,P,TRAMADOL KAPSUL 50 MG,ZPJ1,Produk jadi,KAPSUL,24500,Kuningan
2030-01-22,TD,CAB03,IN6278,CUST55499,BRG0004,Z31,BRND010,201,SLCYL ,14,6940.3,DUS,Company,KLINIK DR. ANDRI,Klinik,P,TRAMADOL KAPSUL 50 MG,ZPJ1,Produk jadi,KAPSUL,24500,Lampung
2030-01-22,TD,CAB09,IN6170,CUST55505,BRG0006,Z32,BRND006,205,OGB & PH ,14,2819.2,DUS,Company,APOTEK SINAR JAYA,Apotek,P,KETOCONAZOLE TABLET 200 MG,ZPJ1,Produk jadi,TABLET,39000,Bekasi
2030-01-22,EPM,CAB01,IN6107,CUST55511,BRG0002,Z31,BRND002,203,ETIKAL ,24,2337.5,DUS,Company,KLINIK SAHABAT,Klinik,P,ALERGINE TABLET SALUT,ZPJ1,Produk jadi,DUS,112000,Tangerang
2030-01-22,TA,CAB06,IN6038,CUST55517,BRG0008,Z31,BRND008,204,MARCKS ,98,3991.9,DUS,Company,KLINIK GM,Klinik,P,TETRACYCLINE KAPSUL 250 MG,ZPJ1,Produk jadi,KAPSUL,9800,Jakarta
2030-01-22,TA,CAB01,IN6025,CUST55523,BRG0004,Z32,BRND004,201,VNS ,7,8700.7,DUS,Company,APOTEK MAJA,Apotek,P,TRAMADOL KAPSUL 50 MG,ZPJ1,Produk jadi,KAPSUL,24500,Kuningan
2030-01-22,TD,CAB01,IN6287,CUST55391,BRG0002,Z31,BRND002,203,ETIKAL ,17,2337.5,DUS,Company,KLINIK SAHABAT,Klinik,P,ALERGINE TABLET SALUT,ZPJ1,Produk jadi,DUS,112000,Tangerang
2030-01-22,TD,CAB06,IN6245,CUST55397,BRG0008,Z31,BRND008,204,MARCKS ,34,3991.9,DUS,Company,KLINIK GM,Klinik,P,TETRACYCLINE KAPSUL 250 MG,ZPJ1,Produk jadi,KAPSUL,9800,Jakarta
2030-01-22,EPM,CAB01,IN6176,CUST55403,BRG0004,Z32,BRND004,201,VNS ,18,8700.7,DUS,Company,APOTEK MAJA,Apotek,P,TRAMADOL KAPSUL 50 MG,ZPJ1,Produk jadi,KAPSUL,24500,Kuningan
2030-01-22,TA,CAB03,IN6108,CUST55409,BRG0004,Z31,BRND010,201,SLCYL ,21,6940.3,DUS,Company,KLINIK DR. ANDRI,Klinik,P,TRAMADOL KAPSUL 50 MG,ZPJ1,Produk jadi,KAPSUL,24500,Lampung
2030-01-22,TA,CAB09,IN6281,CUST55415,BRG0006,Z32,BRND006,205,OGB & PH ,10,2819.2,DUS,Company,APOTEK SINAR JAYA,Apotek,P,KETOCONAZOLE TABLET 200 MG,ZPJ1,Produk jadi,TABLET,39000,Bekasi
2030-01-22,TD,CAB01,IN6163,CUST55421,BRG0002,Z31,BRND002,203,ETIKAL ,5,2337.5,DUS,Company,KLINIK SAHABAT,Klinik,P,ALERGINE TABLET SALUT,ZPJ1,Produk jadi,DUS,112000,Tangerang
2030-01-22,TD,CAB06,IN6248,CUST55427,BRG0008,Z31,BRND008,204,MARCKS ,100,3991.9,DUS,Company,KLINIK GM,Klinik,P,TETRACYCLINE KAPSUL 250 MG,ZPJ1,Produk jadi,KAPSUL,9800,Jakarta
2030-01-22,EPM,CAB01,IN6104,CUST55433,BRG0004,Z32,BRND004,201,VNS ,45,8700.7,DUS,Company,APOTEK MAJA,Apotek,P,TRAMADOL KAPSUL 50 MG,ZPJ1,Produk jadi,KAPSUL,24500,Kuningan
2030-01-22,TA,CAB03,IN6323,CUST55439,BRG0004,Z31,BRND010,201,SLCYL ,6,6940.3,DUS,Company,KLINIK DR. ANDRI,Klinik,P,TRAMADOL KAPSUL 50 MG,ZPJ1,Produk jadi,KAPSUL,24500,Lampung
2030-01-22,TD,CAB09,IN6122,CUST55445,BRG0006,Z32,BRND006,205,OGB & PH ,21,2819.2,DUS,Company,APOTEK SINAR JAYA,Apotek,P,KETOCONAZOLE TABLET 200 MG,ZPJ1,Produk jadi,TABLET,39000,Bekasi
2030-01-22,TD,CAB01,IN6235,CUST55451,BRG0002,Z31,BRND002,203,ETIKAL ,10,2337.5,DUS,Company,KLINIK SAHABAT,Klinik,P,ALERGINE TABLET SALUT,ZPJ1,Produk jadi,DUS,112000,Tangerang
2030-01-22,EPM,CAB06,IN6099,CUST55457,BRG0008,Z31,BRND008,204,MARCKS ,5,3991.9,DUS,Company,KLINIK GM,Klinik,P,TETRACYCLINE KAPSUL 250 MG,ZPJ1,Produk jadi,KAPSUL,9800,Jakarta
2030-01-22,TA,CAB01,IN6256,CUST55463,BRG0004,Z32,BRND004,201,VNS ,12,8700.7,DUS,Company,APOTEK MAJA,Apotek,P,TRAMADOL KAPSUL 50 MG,ZPJ1,Produk jadi,KAPSUL,24500,Kuningan
2030-01-22,TA,CAB03,IN6008,CUST55469,BRG0004,Z31,BRND010,201,SLCYL ,12,6940.3,DUS,Company,KLINIK DR. ANDRI,Klinik,P,TRAMADOL KAPSUL 50 MG,ZPJ1,Produk jadi,KAPSUL,24500,Lampung
2030-01-22,TD,CAB09,IN6208,CUST55475,BRG0006,Z32,BRND006,205,OGB & PH ,8,2819.2,DUS,Company,APOTEK SINAR JAYA,Apotek,P,KETOCONAZOLE TABLET 200 MG,ZPJ1,Produk jadi,TABLET,39000,Bekasi
2030-03-22,TD,CAB03,IN6078,CUST55600,BRG0001,Z32,BRND001,206,OGB & PH ,12,1169.91,DUS,Company,APOTEK MERDEKA,Apotek,P,ACYCLOVIR DUS,ZPJ1,Produk jadi,DUS,96000,Bandung
2030-04-22,TA,CAB01,IN6225,CUST55631,BRG0002,Z31,BRND002,203,ETIKAL ,44,2337.5,DUS,Company,KLINIK SAHABAT,Klinik,P,ALERGINE TABLET SALUT,ZPJ1,Produk jadi,DUS,112000,Tangerang
2030-04-22,TD,CAB07,IN6265,CUST55698,BRG0009,Z32,BRND009,207,VNS ,25,5780.7,DUS,Company,APOTEK MERDEKA,Apotek,P,AMBROXOL HC,ZPJ1,Produk jadi,BOTOL,31000,Bandung
2030-04-22,EPM,CAB02,IN6310,CUST55693,BRG0004,Z32,BRND004,201,VNS ,14,8700.7,DUS,Company,APOTEK SAHABAT,Apotek,P,TRAMADOL KAPSUL 50 MG,ZPJ1,Produk jadi,KAPSUL,24500,Padang
2030-04-22,EPM,CAB01,IN6249,CUST55703,BRG0004,Z32,BRND004,201,VNS ,25,8700.7,DUS,Company,APOTEK MAJA,Apotek,P,TRAMADOL KAPSUL 50 MG,ZPJ1,Produk jadi,KAPSUL,24500,Kuningan
2030-04-22,TD,CAB02,IN6132,CUST55708,BRG0003,Z32,BRND009,210,VNS ,12,5780.7,DUS,Company,APOTEK SAHABAT,Apotek,P,AMPICILLIN,ZPJ1,Produk jadi,BOTOL,17000,Padang
2030-04-22,EPM,CAB07,IN6106,CUST55713,BRG0004,Z32,BRND004,201,VNS ,4,8700.7,DUS,Company,APOTEK MERDEKA,Apotek,P,TRAMADOL KAPSUL 50 MG,ZPJ1,Produk jadi,KAPSUL,24500,Bandung
2030-04-22,TD,CAB01,IN6097,CUST55718,BRG0009,Z32,BRND009,207,VNS ,100,5780.7,DUS,Company,APOTEK MAJA,Apotek,P,AMBROXOL HC,ZPJ1,Produk jadi,BOTOL,31000,Kuningan
2030-04-22,EPM,CAB02,IN6101,CUST55723,BRG0004,Z32,BRND004,201,VNS ,20,8700.7,DUS,Company,APOTEK SAHABAT,Apotek,P,TRAMADOL KAPSUL 50 MG,ZPJ1,Produk jadi,KAPSUL,24500,Padang
2030-04-22,TD,CAB07,IN6304,CUST55728,BRG0009,Z32,BRND009,207,VNS ,44,5780.7,DUS,Company,APOTEK MERDEKA,Apotek,P,AMBROXOL HC,ZPJ1,Produk jadi,BOTOL,31000,Bandung
2030-05-22,TA,CAB03,IN6166,CUST55675,BRG0006,Z32,BRND006,205,OGB & PH ,1,2819.2,DUS,Company,APOTEK MERDEKA,Apotek,P,KETOCONAZOLE TABLET 200 MG,ZPJ1,Produk jadi,TABLET,39000,Bandung
2031-01-22,TD,CAB01,IN6244,CUST55542,BRG0003,Z32,BRND003,210,MARCKS ,21,10690.6,DUS,Company,APOTEK SINAR JAYA,Apotek,P,AMPICILLIN,ZPJ1,Produk jadi,BOTOL,17000,Bekasi
2031-01-22,TA,CAB10,IN6148,CUST55476,BRG0007,Z32,BRND007,206,ETIKAL ,9,4592.1,DUS,Company,APOTEK SAHABAT,Apotek,P,ERGOTAMINE COFFEINE,ZPJ1,Produk jadi,BOTOL,64700,Padang
2031-01-22,EPM,CAB04,IN6040,CUST55470,BRG0001,Z32,BRND001,206,OGB & PH ,10,1169.91,DUS,Company,APOTEK TAPAK,Apotek,P,ACYCLOVIR DUS,ZPJ1,Produk jadi,DUS,96000,Aceh
2031-01-22,EPM,CAB02,IN6048,CUST55464,BRG0005,Z31,BRND005,203,SLCYL ,25,5648.3,DUS,Company,KLINIK GM,Klinik,P,KLORPROMAZINA TABLET SALUT SELAPUT 100 MG,ZPJ1,Produk jadi,TABLET,47000,Jakarta
2031-01-22,TD,CAB07,IN6326,CUST55458,BRG0009,Z32,BRND009,207,VNS ,4,5780.7,DUS,Company,APOTEK MERDEKA,Apotek,P,AMBROXOL HC,ZPJ1,Produk jadi,BOTOL,31000,Bandung
2031-01-22,TA,CAB01,IN6263,CUST55452,BRG0003,Z32,BRND003,210,MARCKS ,130,10690.6,DUS,Company,APOTEK SINAR JAYA,Apotek,P,AMPICILLIN,ZPJ1,Produk jadi,BOTOL,17000,Bekasi
2031-01-22,TA,CAB10,IN6255,CUST55446,BRG0007,Z32,BRND007,206,ETIKAL ,22,4592.1,DUS,Company,APOTEK SAHABAT,Apotek,P,ERGOTAMINE COFFEINE,ZPJ1,Produk jadi,BOTOL,64700,Padang
2031-01-22,EPM,CAB04,IN6241,CUST55440,BRG0001,Z32,BRND001,206,OGB & PH ,79,1169.91,DUS,Company,APOTEK TAPAK,Apotek,P,ACYCLOVIR DUS,ZPJ1,Produk jadi,DUS,96000,Aceh
2031-01-22,TD,CAB02,IN6050,CUST55434,BRG0005,Z31,BRND005,203,SLCYL ,34,5648.3,DUS,Company,KLINIK GM,Klinik,P,KLORPROMAZINA TABLET SALUT SELAPUT 100 MG,ZPJ1,Produk jadi,TABLET,47000,Jakarta
2031-01-22,TD,CAB07,IN6042,CUST55428,BRG0009,Z32,BRND009,207,VNS ,67,5780.7,DUS,Company,APOTEK MERDEKA,Apotek,P,AMBROXOL HC,ZPJ1,Produk jadi,BOTOL,31000,Bandung
2031-01-22,TA,CAB01,IN6191,CUST55422,BRG0003,Z32,BRND003,210,MARCKS ,4,10690.6,DUS,Company,APOTEK SINAR JAYA,Apotek,P,AMPICILLIN,ZPJ1,Produk jadi,BOTOL,17000,Bekasi
2031-01-22,EPM,CAB10,IN6226,CUST55416,BRG0007,Z32,BRND007,206,ETIKAL ,23,4592.1,DUS,Company,APOTEK SAHABAT,Apotek,P,ERGOTAMINE COFFEINE,ZPJ1,Produk jadi,BOTOL,64700,Padang
2031-01-22,EPM,CAB04,IN6321,CUST55410,BRG0001,Z32,BRND001,206,OGB & PH ,22,1169.91,DUS,Company,APOTEK TAPAK,Apotek,P,ACYCLOVIR DUS,ZPJ1,Produk jadi,DUS,96000,Aceh
2031-01-22,TD,CAB02,IN6175,CUST55404,BRG0005,Z31,BRND005,203,SLCYL ,18,5648.3,DUS,Company,KLINIK GM,Klinik,P,KLORPROMAZINA TABLET SALUT SELAPUT 100 MG,ZPJ1,Produk jadi,TABLET,47000,Jakarta
2031-01-22,TA,CAB07,IN6195,CUST55398,BRG0009,Z32,BRND009,207,VNS ,67,5780.7,DUS,Company,APOTEK MERDEKA,Apotek,P,AMBROXOL HC,ZPJ1,Produk jadi,BOTOL,31000,Bandung
2031-01-22,TA,CAB01,IN6102,CUST55392,BRG0003,Z32,BRND003,210,MARCKS ,11,10690.6,DUS,Company,APOTEK SINAR JAYA,Apotek,P,AMPICILLIN,ZPJ1,Produk jadi,BOTOL,17000,Bekasi
2031-01-22,EPM,CAB02,IN6203,CUST55524,BRG0005,Z31,BRND005,203,SLCYL ,100,5648.3,DUS,Company,KLINIK GM,Klinik,P,KLORPROMAZINA TABLET SALUT SELAPUT 100 MG,ZPJ1,Produk jadi,TABLET,47000,Jakarta
2031-01-22,EPM,CAB07,IN6130,CUST55518,BRG0009,Z32,BRND009,207,VNS ,5,5780.7,DUS,Company,APOTEK MERDEKA,Apotek,P,AMBROXOL HC,ZPJ1,Produk jadi,BOTOL,31000,Bandung
2031-01-22,TD,CAB01,IN6152,CUST55512,BRG0003,Z32,BRND003,210,MARCKS ,10,10690.6,DUS,Company,APOTEK SINAR JAYA,Apotek,P,AMPICILLIN,ZPJ1,Produk jadi,BOTOL,17000,Bekasi
2031-01-22,TA,CAB10,IN6045,CUST55506,BRG0007,Z32,BRND007,206,ETIKAL ,21,4592.1,DUS,Company,APOTEK SAHABAT,Apotek,P,ERGOTAMINE COFFEINE,ZPJ1,Produk jadi,BOTOL,64700,Padang
2031-01-22,TA,CAB04,IN6186,CUST55500,BRG0001,Z32,BRND001,206,OGB & PH ,18,1169.91,DUS,Company,APOTEK TAPAK,Apotek,P,ACYCLOVIR DUS,ZPJ1,Produk jadi,DUS,96000,Aceh
2031-01-22,EPM,CAB02,IN6079,CUST55494,BRG0005,Z31,BRND005,203,SLCYL ,34,5648.3,DUS,Company,KLINIK GM,Klinik,P,KLORPROMAZINA TABLET SALUT SELAPUT 100 MG,ZPJ1,Produk jadi,TABLET,47000,Jakarta
2031-01-22,TD,CAB07,IN6322,CUST55488,BRG0009,Z32,BRND009,207,VNS ,17,5780.7,DUS,Company,APOTEK MERDEKA,Apotek,P,AMBROXOL HC,ZPJ1,Produk jadi,BOTOL,31000,Bandung
2031-01-22,TD,CAB01,IN6015,CUST55482,BRG0003,Z32,BRND003,210,MARCKS ,5,10690.6,DUS,Company,APOTEK SINAR JAYA,Apotek,P,AMPICILLIN,ZPJ1,Produk jadi,BOTOL,17000,Bekasi
2031-01-22,TD,CAB10,IN6068,CUST55536,BRG0007,Z32,BRND007,206,ETIKAL ,6,4592.1,DUS,Company,APOTEK SAHABAT,Apotek,P,ERGOTAMINE COFFEINE,ZPJ1,Produk jadi,BOTOL,64700,Padang
2031-01-22,TA,CAB04,IN6196,CUST55530,BRG0001,Z32,BRND001,206,OGB & PH ,45,1169.91,DUS,Company,APOTEK TAPAK,Apotek,P,ACYCLOVIR DUS,ZPJ1,Produk jadi,DUS,96000,Aceh
2031-03-22,TA,CAB01,IN6085,CUST55601,BRG0002,Z31,BRND002,203,ETIKAL ,25,2337.5,DUS,Company,KLINIK SAHABAT,Klinik,P,ALERGINE TABLET SALUT,ZPJ1,Produk jadi,DUS,112000,Tangerang
2031-05-22,EPM,CAB01,IN6010,CUST55676,BRG0001,Z31,BRND007,206,ETIKAL ,5,4592.1,DUS,Company,KLINIK SAHABAT,Klinik,P,ACYCLOVIR DUS,ZPJ1,Produk jadi,DUS,96000,Tangerang
