id_distributor,id_cabang,id_invoice,tanggal,id_customer,id_barang,jumlah_barang,unit,harga,mata_uang,brand_id,lini,,,
TD,CAB01,IN5997,20/01/22,CUST55380,BRG0001,1,DUS,1169.91,IDR,BRND001,OGB & PH,,,
TD,CAB01,IN6297,20/01/22,CUST55381,BRG0002,5,DUS,2337.5,IDR,BRND002,ETIKAL,,,
TA,CAB02,IN6155,21/01/22,CUST55382,BRG0003,9,DUS,10690.6,IDR,BRND003,MARCKS,,,
EPM,CAB03,IN6144,22/01/22,CUST55383,BRG0004,13,DUS,8700.7,IDR,BRND004,VNS,,,
TD,CAB04,IN6280,23/01/22,CUST55384,BRG0005,1,DUS,5648.3,IDR,BRND005,SLCYL,,,
TA,CAB05,IN6052,23/01/22,CUST55385,BRG0006,5,DUS,2819.2,IDR,BRND006,OGB & PH,,,
EPM,CAB06,IN6089,25/01/22,CUST55386,BRG0007,9,DUS,4592.1,IDR,BRND007,ETIKAL,,,
TD,CAB07,IN6251,23/01/22,CUST55387,BRG0008,1,DUS,3991.9,IDR,BRND008,MARCKS,,,
TA,CAB08,IN6036,27/01/22,CUST55388,BRG0009,23,DUS,5780.7,IDR,BRND009,VNS,,,
EPM,CAB09,IN6029,28/01/22,CUST55389,BRG0010,4,DUS,6940.3,IDR,BRND010,SLCYL,,,
TD,CAB10,IN6190,23/01/22,CUST55390,BRG0001,2,DUS,1169.91,IDR,BRND001,OGB & PH,,,
TD,CAB01,IN6287,30/01/22,CUST55391,BRG0002,17,DUS,2337.5,IDR,BRND002,ETIKAL,,,
TA,CAB01,IN6102,31/01/22,CUST55392,BRG0003,11,DUS,10690.6,IDR,BRND003,MARCKS,,,
EPM,CAB02,IN6301,01/02/22,CUST55393,BRG0004,12,DUS,8700.7,IDR,BRND004,VNS,,,
TD,CAB03,IN6024,27/01/22,CUST55394,BRG0005,12,DUS,5648.3,IDR,BRND005,SLCYL,,,
TA,CAB04,IN6184,28/01/22,CUST55395,BRG0006,25,DUS,2819.2,IDR,BRND006,OGB & PH,,,
EPM,CAB05,IN6307,23/01/22,CUST55396,BRG0007,14,DUS,4592.1,IDR,BRND007,ETIKAL,,,
TD,CAB06,IN6245,30/01/22,CUST55397,BRG0008,34,DUS,3991.9,IDR,BRND008,MARCKS,,,
TA,CAB07,IN6195,31/01/22,CUST55398,BRG0009,67,DUS,5780.7,IDR,BRND009,VNS,,,
EPM,CAB08,IN6023,01/02/22,CUST55399,BRG0010,15,DUS,6940.3,IDR,BRND010,SLCYL,,,
TD,CAB09,IN6113,27/01/22,CUST55400,BRG0001,12,DUS,1169.91,IDR,BRND001,OGB & PH,,,
TD,CAB10,IN6141,28/01/22,CUST55401,BRG0002,25,DUS,2337.5,IDR,BRND002,ETIKAL,,,
TA,CAB01,IN6125,23/01/22,CUST55402,BRG0003,14,DUS,10690.6,IDR,BRND003,MARCKS,,,
EPM,CAB01,IN6176,30/01/22,CUST55403,BRG0004,18,DUS,8700.7,IDR,BRND004,VNS,,,
TD,CAB02,IN6175,31/01/22,CUST55404,BRG0005,18,DUS,5648.3,IDR,BRND005,SLCYL,,,
TA,CAB03,IN6259,01/02/22,CUST55405,BRG0006,19,DUS,2819.2,IDR,BRND006,OGB & PH,,,
EPM,CAB01,IN6173,27/01/22,CUST55406,BRG0001,12,DUS,4592.1,IDR,BRND007,ETIKAL,,,
TD,CAB01,IN6013,28/01/22,CUST55407,BRG0002,25,DUS,3991.9,IDR,BRND008,MARCKS,,,
TD,CAB02,IN6086,23/01/22,CUST55408,BRG0003,14,DUS,5780.7,IDR,BRND009,VNS,,,
TA,CAB03,IN6108,30/01/22,CUST55409,BRG0004,21,DUS,6940.3,IDR,BRND010,SLCYL,,,
EPM,CAB04,IN6321,31/01/22,CUST55410,BRG0001,22,DUS,1169.91,IDR,BRND001,OGB & PH,,,
TD,CAB05,IN5994,01/02/22,CUST55411,BRG0002,12,DUS,2337.5,IDR,BRND002,ETIKAL,,,
TA,CAB06,IN6146,27/01/22,CUST55412,BRG0003,25,DUS,10690.6,IDR,BRND003,MARCKS,,,
EPM,CAB07,IN6230,28/01/22,CUST55413,BRG0004,14,DUS,8700.7,IDR,BRND004,VNS,,,
TD,CAB08,IN5991,23/01/22,CUST55414,BRG0005,24,DUS,5648.3,IDR,BRND005,SLCYL,,,
TA,CAB09,IN6281,30/01/22,CUST55415,BRG0006,10,DUS,2819.2,IDR,BRND006,OGB & PH,,,
EPM,CAB10,IN6226,31/01/22,CUST55416,BRG0007,23,DUS,4592.1,IDR,BRND007,ETIKAL,,,
TD,CAB01,IN6063,01/02/22,CUST55417,BRG0008,12,DUS,3991.9,IDR,BRND008,MARCKS,,,
TD,CAB01,IN6131,27/01/22,CUST55418,BRG0009,10,DUS,5780.7,IDR,BRND009,VNS,,,
TA,CAB02,IN6262,28/01/22,CUST55419,BRG0010,67,DUS,6940.3,IDR,BRND010,SLCYL,,,
EPM,CAB03,IN6028,23/01/22,CUST55420,BRG0001,98,DUS,1169.91,IDR,BRND001,OGB & PH,,,
TD,CAB01,IN6163,30/01/22,CUST55421,BRG0002,5,DUS,2337.5,IDR,BRND002,ETIKAL,,,
TA,CAB01,IN6191,31/01/22,CUST55422,BRG0003,4,DUS,10690.6,IDR,BRND003,MARCKS,,,
EPM,CAB02,IN6274,01/02/22,CUST55423,BRG0004,8,DUS,8700.7,IDR,BRND004,VNS,,,
TD,CAB03,IN6003,27/01/22,CUST55424,BRG0005,9,DUS,5648.3,IDR,BRND005,SLCYL,,,
TA,CAB04,IN6247,28/01/22,CUST55425,BRG0006,10,DUS,2819.2,IDR,BRND006,OGB & PH,,,
EPM,CAB05,IN6311,23/01/22,CUST55426,BRG0007,7,DUS,4592.1,IDR,BRND007,ETIKAL,,,
TD,CAB06,IN6248,30/01/22,CUST55427,BRG0008,100,DUS,3991.9,IDR,BRND008,MARCKS,,,
TD,CAB07,IN6042,31/01/22,CUST55428,BRG0009,67,DUS,5780.7,IDR,BRND009,VNS,,,
TA,CAB08,IN6133,01/02/22,CUST55429,BRG0010,78,DUS,6940.3,IDR,BRND010,SLCYL,,,
EPM,CAB09,IN6306,27/01/22,CUST55430,BRG0001,45,DUS,1169.91,IDR,BRND001,OGB & PH,,,
TD,CAB10,IN6253,28/01/22,CUST55431,BRG0002,34,DUS,2337.5,IDR,BRND002,ETIKAL,,,
TA,CAB01,IN5980,23/01/22,CUST55432,BRG0003,20,DUS,10690.6,IDR,BRND003,MARCKS,,,
EPM,CAB01,IN6104,30/01/22,CUST55433,BRG0004,45,DUS,8700.7,IDR,BRND004,VNS,,,
TD,CAB02,IN6050,31/01/22,CUST55434,BRG0005,34,DUS,5648.3,IDR,BRND005,SLCYL,,,
TD,CAB03,IN6054,01/02/22,CUST55435,BRG0006,34,DUS,2819.2,IDR,BRND006,OGB & PH,,,
TA,CAB01,IN6219,27/01/22,CUST55436,BRG0001,34,DUS,4592.1,IDR,BRND007,ETIKAL,,,
EPM,CAB01,IN6053,28/01/22,CUST55437,BRG0002,44,DUS,3991.9,IDR,BRND008,MARCKS,,,
TD,CAB02,IN6217,23/01/22,CUST55438,BRG0003,5,DUS,5780.7,IDR,BRND009,VNS,,,
TA,CAB03,IN6323,30/01/22,CUST55439,BRG0004,6,DUS,6940.3,IDR,BRND010,SLCYL,,,
EPM,CAB04,IN6241,31/01/22,CUST55440,BRG0001,79,DUS,1169.91,IDR,BRND001,OGB & PH,,,
TD,CAB05,IN6134,01/02/22,CUST55441,BRG0002,12,DUS,2337.5,IDR,BRND002,ETIKAL,,,
TA,CAB06,IN6124,27/01/22,CUST55442,BRG0003,95,DUS,10690.6,IDR,BRND003,MARCKS,,,
EPM,CAB07,IN5981,28/01/22,CUST55443,BRG0004,76,DUS,8700.7,IDR,BRND004,VNS,,,
TD,CAB08,IN6220,23/01/22,CUST55444,BRG0005,48,DUS,5648.3,IDR,BRND005,SLCYL,,,
TD,CAB09,IN6122,30/01/22,CUST55445,BRG0006,21,DUS,2819.2,IDR,BRND006,OGB & PH,,,
TA,CAB10,IN6255,31/01/22,CUST55446,BRG0007,22,DUS,4592.1,IDR,BRND007,ETIKAL,,,
EPM,CAB01,IN6005,01/02/22,CUST55447,BRG0008,12,DUS,3991.9,IDR,BRND008,MARCKS,,,
TD,CAB01,IN6327,27/01/22,CUST55448,BRG0009,25,DUS,5780.7,IDR,BRND009,VNS,,,
TA,CAB02,IN6119,28/01/22,CUST55449,BRG0010,14,DUS,6940.3,IDR,BRND010,SLCYL,,,
EPM,CAB03,IN6233,23/01/22,CUST55450,BRG0001,24,DUS,1169.91,IDR,BRND001,OGB & PH,,,
TD,CAB01,IN6235,30/01/22,CUST55451,BRG0002,10,DUS,2337.5,IDR,BRND002,ETIKAL,,,
TA,CAB01,IN6263,31/01/22,CUST55452,BRG0003,130,DUS,10690.6,IDR,BRND003,MARCKS,,,
EPM,CAB02,IN6269,01/02/22,CUST55453,BRG0004,12,DUS,8700.7,IDR,BRND004,VNS,,,
TD,CAB03,IN6188,27/01/22,CUST55454,BRG0005,10,DUS,5648.3,IDR,BRND005,SLCYL,,,
TD,CAB04,IN6116,28/01/22,CUST55455,BRG0006,67,DUS,2819.2,IDR,BRND006,OGB & PH,,,
TA,CAB05,IN6216,23/01/22,CUST55456,BRG0007,98,DUS,4592.1,IDR,BRND007,ETIKAL,,,
EPM,CAB06,IN6099,30/01/22,CUST55457,BRG0008,5,DUS,3991.9,IDR,BRND008,MARCKS,,,
TD,CAB07,IN6326,31/01/22,CUST55458,BRG0009,4,DUS,5780.7,IDR,BRND009,VNS,,,
TA,CAB08,IN6267,01/02/22,CUST55459,BRG0010,8,DUS,6940.3,IDR,BRND010,SLCYL,,,
EPM,CAB09,IN6238,27/01/22,CUST55460,BRG0001,9,DUS,1169.91,IDR,BRND001,OGB & PH,,,
TD,CAB10,IN6214,28/01/22,CUST55461,BRG0002,21,DUS,2337.5,IDR,BRND002,ETIKAL,,,
TD,CAB01,IN6318,23/01/22,CUST55462,BRG0003,22,DUS,10690.6,IDR,BRND003,MARCKS,,,
TA,CAB01,IN6256,30/01/22,CUST55463,BRG0004,12,DUS,8700.7,IDR,BRND004,VNS,,,
EPM,CAB02,IN6048,31/01/22,CUST55464,BRG0005,25,DUS,5648.3,IDR,BRND005,SLCYL,,,
TD,CAB03,IN6120,01/02/22,CUST55465,BRG0006,14,DUS,2819.2,IDR,BRND006,OGB & PH,,,
TA,CAB01,IN6161,27/01/22,CUST55466,BRG0001,24,DUS,4592.1,IDR,BRND007,ETIKAL,,,
EPM,CAB01,IN6292,28/01/22,CUST55467,BRG0002,10,DUS,3991.9,IDR,BRND008,MARCKS,,,
TD,CAB02,IN6286,23/01/22,CUST55468,BRG0003,120,DUS,5780.7,IDR,BRND009,VNS,,,
TA,CAB03,IN6008,30/01/22,CUST55469,BRG0004,12,DUS,6940.3,IDR,BRND010,SLCYL,,,
EPM,CAB04,IN6040,31/01/22,CUST55470,BRG0001,10,DUS,1169.91,IDR,BRND001,OGB & PH,,,
TD,CAB05,IN6084,01/02/22,CUST55471,BRG0002,67,DUS,2337.5,IDR,BRND002,ETIKAL,,,
TD,CAB06,IN6074,27/01/22,CUST55472,BRG0003,98,DUS,10690.6,IDR,BRND003,MARCKS,,,
TA,CAB07,IN6200,28/01/22,CUST55473,BRG0004,5,DUS,8700.7,IDR,BRND004,VNS,,,
EPM,CAB08,IN6065,23/01/22,CUST55474,BRG0005,4,DUS,5648.3,IDR,BRND005,SLCYL,,,
TD,CAB09,IN6208,30/01/22,CUST55475,BRG0006,8,DUS,2819.2,IDR,BRND006,OGB & PH,,,
TA,CAB10,IN6148,31/01/22,CUST55476,BRG0007,9,DUS,4592.1,IDR,BRND007,ETIKAL,,,
EPM,CAB01,IN6072,01/02/22,CUST55477,BRG0008,1,DUS,3991.9,IDR,BRND008,MARCKS,,,
TD,CAB01,IN6095,27/01/22,CUST55478,BRG0009,5,DUS,5780.7,IDR,BRND009,VNS,,,
TA,CAB02,IN6049,28/01/22,CUST55479,BRG0010,9,DUS,6940.3,IDR,BRND010,SLCYL,,,
EPM,CAB03,IN6039,23/01/22,CUST55480,BRG0001,13,DUS,1169.91,IDR,BRND001,OGB & PH,,,
TD,CAB01,IN6276,30/01/22,CUST55481,BRG0002,1,DUS,2337.5,IDR,BRND002,ETIKAL,,,
TD,CAB01,IN6015,31/01/22,CUST55482,BRG0003,5,DUS,10690.6,IDR,BRND003,MARCKS,,,
TA,CAB02,IN6185,01/02/22,CUST55483,BRG0004,9,DUS,8700.7,IDR,BRND004,VNS,,,
EPM,CAB03,IN6258,27/01/22,CUST55484,BRG0005,1,DUS,5648.3,IDR,BRND005,SLCYL,,,
TD,CAB04,IN6070,28/01/22,CUST55485,BRG0006,23,DUS,2819.2,IDR,BRND006,OGB & PH,,,
TA,CAB05,IN6210,23/01/22,CUST55486,BRG0007,4,DUS,4592.1,IDR,BRND007,ETIKAL,,,
EPM,CAB06,IN6083,30/01/22,CUST55487,BRG0008,2,DUS,3991.9,IDR,BRND008,MARCKS,,,
TD,CAB07,IN6322,31/01/22,CUST55488,BRG0009,17,DUS,5780.7,IDR,BRND009,VNS,,,
TD,CAB08,IN6291,01/02/22,CUST55489,BRG0010,11,DUS,6940.3,IDR,BRND010,SLCYL,,,
TA,CAB09,IN6062,27/01/22,CUST55490,BRG0001,12,DUS,1169.91,IDR,BRND001,OGB & PH,,,
EPM,CAB10,IN6167,28/01/22,CUST55491,BRG0002,12,DUS,2337.5,IDR,BRND002,ETIKAL,,,
TD,CAB01,IN6289,23/01/22,CUST55492,BRG0003,25,DUS,10690.6,IDR,BRND003,MARCKS,,,
TA,CAB01,IN6305,30/01/22,CUST55493,BRG0004,14,DUS,8700.7,IDR,BRND004,VNS,,,
EPM,CAB02,IN6079,31/01/22,CUST55494,BRG0005,34,DUS,5648.3,IDR,BRND005,SLCYL,,,
TD,CAB03,IN6320,01/02/22,CUST55495,BRG0006,67,DUS,2819.2,IDR,BRND006,OGB & PH,,,
TA,CAB01,IN6103,27/01/22,CUST55496,BRG0001,15,DUS,4592.1,IDR,BRND007,ETIKAL,,,
EPM,CAB01,IN6172,28/01/22,CUST55497,BRG0002,12,DUS,3991.9,IDR,BRND008,MARCKS,,,
TD,CAB02,IN6183,23/01/22,CUST55498,BRG0003,25,DUS,5780.7,IDR,BRND009,VNS,,,
TD,CAB03,IN6278,30/01/22,CUST55499,BRG0004,14,DUS,6940.3,IDR,BRND010,SLCYL,,,
TA,CAB04,IN6186,31/01/22,CUST55500,BRG0001,18,DUS,1169.91,IDR,BRND001,OGB & PH,,,
EPM,CAB05,IN6211,01/02/22,CUST55501,BRG0002,18,DUS,2337.5,IDR,BRND002,ETIKAL,,,
TD,CAB06,IN6118,27/01/22,CUST55502,BRG0003,19,DUS,10690.6,IDR,BRND003,MARCKS,,,
TA,CAB07,IN6162,28/01/22,CUST55503,BRG0004,12,DUS,8700.7,IDR,BRND004,VNS,,,
EPM,CAB08,IN6221,23/01/22,CUST55504,BRG0005,25,DUS,5648.3,IDR,BRND005,SLCYL,,,
TD,CAB09,IN6170,30/01/22,CUST55505,BRG0006,14,DUS,2819.2,IDR,BRND006,OGB & PH,,,
TA,CAB10,IN6045,31/01/22,CUST55506,BRG0007,21,DUS,4592.1,IDR,BRND007,ETIKAL,,,
EPM,CAB01,IN6300,01/02/22,CUST55507,BRG0008,22,DUS,3991.9,IDR,BRND008,MARCKS,,,
TD,CAB01,IN6228,27/01/22,CUST55508,BRG0009,12,DUS,5780.7,IDR,BRND009,VNS,,,
TD,CAB02,IN6199,28/01/22,CUST55509,BRG0010,25,DUS,6940.3,IDR,BRND010,SLCYL,,,
TA,CAB03,IN6215,23/01/22,CUST55510,BRG0001,14,DUS,1169.91,IDR,BRND001,OGB & PH,,,
EPM,CAB01,IN6107,30/01/22,CUST55511,BRG0002,24,DUS,2337.5,IDR,BRND002,ETIKAL,,,
TD,CAB01,IN6152,31/01/22,CUST55512,BRG0003,10,DUS,10690.6,IDR,BRND003,MARCKS,,,
TA,CAB02,IN6017,01/02/22,CUST55513,BRG0004,23,DUS,8700.7,IDR,BRND004,VNS,,,
EPM,CAB03,IN6299,27/01/22,CUST55514,BRG0005,12,DUS,5648.3,IDR,BRND005,SLCYL,,,
TD,CAB04,IN6064,28/01/22,CUST55515,BRG0006,10,DUS,2819.2,IDR,BRND006,OGB & PH,,,
TD,CAB05,IN6308,23/01/22,CUST55516,BRG0007,67,DUS,4592.1,IDR,BRND007,ETIKAL,,,
TA,CAB06,IN6038,30/01/22,CUST55517,BRG0008,98,DUS,3991.9,IDR,BRND008,MARCKS,,,
EPM,CAB07,IN6130,31/01/22,CUST55518,BRG0009,5,DUS,5780.7,IDR,BRND009,VNS,,,
TD,CAB08,IN6293,01/02/22,CUST55519,BRG0010,4,DUS,6940.3,IDR,BRND010,SLCYL,,,
TA,CAB09,IN6205,27/01/22,CUST55520,BRG0001,8,DUS,1169.91,IDR,BRND001,OGB & PH,,,
EPM,CAB10,IN6325,28/01/22,CUST55521,BRG0002,9,DUS,2337.5,IDR,BRND002,ETIKAL,,,
TD,CAB01,IN6317,23/01/22,CUST55522,BRG0003,10,DUS,10690.6,IDR,BRND003,MARCKS,,,
TA,CAB01,IN6025,30/01/22,CUST55523,BRG0004,7,DUS,8700.7,IDR,BRND004,VNS,,,
EPM,CAB02,IN6203,31/01/22,CUST55524,BRG0005,100,DUS,5648.3,IDR,BRND005,SLCYL,,,
TD,CAB03,IN6243,01/02/22,CUST55525,BRG0006,67,DUS,2819.2,IDR,BRND006,OGB & PH,,,
TD,CAB01,IN6136,27/01/22,CUST55526,BRG0001,78,DUS,4592.1,IDR,BRND007,ETIKAL,,,
TA,CAB01,IN6314,28/01/22,CUST55527,BRG0002,45,DUS,3991.9,IDR,BRND008,MARCKS,,,
EPM,CAB02,IN6202,23/01/22,CUST55528,BRG0003,34,DUS,5780.7,IDR,BRND009,VNS,,,
TD,CAB03,IN6279,30/01/22,CUST55529,BRG0004,20,DUS,6940.3,IDR,BRND010,SLCYL,,,
TA,CAB04,IN6196,31/01/22,CUST55530,BRG0001,45,DUS,1169.91,IDR,BRND001,OGB & PH,,,
EPM,CAB05,IN6266,01/02/22,CUST55531,BRG0002,34,DUS,2337.5,IDR,BRND002,ETIKAL,,,
TD,CAB06,IN6058,27/01/22,CUST55532,BRG0003,34,DUS,10690.6,IDR,BRND003,MARCKS,,,
TA,CAB07,IN6246,28/01/22,CUST55533,BRG0004,34,DUS,8700.7,IDR,BRND004,VNS,,,
EPM,CAB08,IN6242,23/01/22,CUST55534,BRG0005,44,DUS,5648.3,IDR,BRND005,SLCYL,,,
TD,CAB09,IN5982,30/01/22,CUST55535,BRG0006,5,DUS,2819.2,IDR,BRND006,OGB & PH,,,
TD,CAB10,IN6068,31/01/22,CUST55536,BRG0007,6,DUS,4592.1,IDR,BRND007,ETIKAL,,,
TA,CAB01,IN6128,01/02/22,CUST55537,BRG0008,79,DUS,3991.9,IDR,BRND008,MARCKS,,,
EPM,CAB01,IN6066,27/01/22,CUST55538,BRG0009,12,DUS,5780.7,IDR,BRND009,VNS,,,
TD,CAB02,IN6303,28/01/22,CUST55539,BRG0010,95,DUS,6940.3,IDR,BRND010,SLCYL,,,
TA,CAB03,IN6284,23/01/22,CUST55540,BRG0001,76,DUS,1169.91,IDR,BRND001,OGB & PH,,,
EPM,CAB01,IN6240,30/01/22,CUST55541,BRG0002,48,DUS,2337.5,IDR,BRND002,ETIKAL,,,
TD,CAB01,IN6244,31/01/22,CUST55542,BRG0003,21,DUS,10690.6,IDR,BRND003,MARCKS,,,
TD,CAB02,IN6060,01/02/22,CUST55543,BRG0004,22,DUS,8700.7,IDR,BRND004,VNS,,,
TA,CAB03,IN6254,02/02/22,CUST55544,BRG0005,12,DUS,5648.3,IDR,BRND005,SLCYL,,,
EPM,CAB04,IN6171,03/02/22,CUST55545,BRG0006,25,DUS,2819.2,IDR,BRND006,OGB & PH,,,
TD,CAB05,IN6002,04/02/22,CUST55546,BRG0007,14,DUS,4592.1,IDR,BRND007,ETIKAL,,,
TA,CAB06,IN6261,05/02/22,CUST55547,BRG0008,24,DUS,3991.9,IDR,BRND008,MARCKS,,,
EPM,CAB07,IN6088,06/02/22,CUST55548,BRG0009,10,DUS,5780.7,IDR,BRND009,VNS,,,
TD,CAB08,IN6181,07/02/22,CUST55549,BRG0010,130,DUS,6940.3,IDR,BRND010,SLCYL,,,
TA,CAB09,IN6135,08/02/22,CUST55550,BRG0001,12,DUS,1169.91,IDR,BRND001,OGB & PH,,,
EPM,CAB10,IN5988,09/02/22,CUST55551,BRG0002,10,DUS,2337.5,IDR,BRND002,ETIKAL,,,
TD,CAB01,IN6234,10/02/22,CUST55552,BRG0003,67,DUS,10690.6,IDR,BRND003,MARCKS,,,
TD,CAB01,IN6319,11/02/22,CUST55553,BRG0004,98,DUS,8700.7,IDR,BRND004,VNS,,,
TA,CAB02,IN6006,12/02/22,CUST55554,BRG0005,5,DUS,5648.3,IDR,BRND005,SLCYL,,,
EPM,CAB03,IN6147,13/02/22,CUST55555,BRG0006,4,DUS,2819.2,IDR,BRND006,OGB & PH,,,
TD,CAB01,IN6129,14/02/22,CUST55556,BRG0001,8,DUS,4592.1,IDR,BRND007,ETIKAL,,,
TA,CAB01,IN5986,15/02/22,CUST55557,BRG0002,9,DUS,3991.9,IDR,BRND008,MARCKS,,,
EPM,CAB02,IN6026,16/02/22,CUST55558,BRG0003,21,DUS,5780.7,IDR,BRND009,VNS,,,
TD,CAB03,IN6224,17/02/22,CUST55559,BRG0004,22,DUS,6940.3,IDR,BRND010,SLCYL,,,
TA,CAB04,IN6087,18/02/22,CUST55560,BRG0001,12,DUS,1169.91,IDR,BRND001,OGB & PH,,,
EPM,CAB05,IN6096,19/02/22,CUST55561,BRG0002,25,DUS,2337.5,IDR,BRND002,ETIKAL,,,
TD,CAB06,IN6034,20/02/22,CUST55562,BRG0003,14,DUS,10690.6,IDR,BRND003,MARCKS,,,
TD,CAB07,IN6231,21/02/22,CUST55563,BRG0004,24,DUS,8700.7,IDR,BRND004,VNS,,,
TA,CAB08,IN6260,22/02/22,CUST55564,BRG0005,10,DUS,5648.3,IDR,BRND005,SLCYL,,,
EPM,CAB09,IN6302,23/02/22,CUST55565,BRG0006,120,DUS,2819.2,IDR,BRND006,OGB & PH,,,
TD,CAB10,IN6061,24/02/22,CUST55566,BRG0007,12,DUS,4592.1,IDR,BRND007,ETIKAL,,,
TA,CAB01,IN6011,25/02/22,CUST55567,BRG0008,10,DUS,3991.9,IDR,BRND008,MARCKS,,,
EPM,CAB01,IN6275,26/02/22,CUST55568,BRG0009,67,DUS,5780.7,IDR,BRND009,VNS,,,
TD,CAB02,IN6114,27/02/22,CUST55569,BRG0010,98,DUS,6940.3,IDR,BRND010,SLCYL,,,
TD,CAB03,IN6041,28/02/22,CUST55570,BRG0001,5,DUS,1169.91,IDR,BRND001,OGB & PH,,,
TA,CAB01,IN6069,01/03/22,CUST55571,BRG0002,4,DUS,2337.5,IDR,BRND002,ETIKAL,,,
EPM,CAB01,IN6239,02/03/22,CUST55572,BRG0003,8,DUS,10690.6,IDR,BRND003,MARCKS,,,
TD,CAB02,IN6137,03/03/22,CUST55573,BRG0004,9,DUS,8700.7,IDR,BRND004,VNS,,,
TA,CAB03,IN6189,04/03/22,CUST55574,BRG0005,1,DUS,5648.3,IDR,BRND005,SLCYL,,,
EPM,CAB04,IN6229,05/03/22,CUST55575,BRG0006,5,DUS,2819.2,IDR,BRND006,OGB & PH,,,
TD,CAB05,IN6110,06/03/22,CUST55576,BRG0007,9,DUS,4592.1,IDR,BRND007,ETIKAL,,,
TA,CAB06,IN6182,07/03/22,CUST55577,BRG0008,13,DUS,3991.9,IDR,BRND008,MARCKS,,,
EPM,CAB07,IN6164,08/03/22,CUST55578,BRG0009,1,DUS,5780.7,IDR,BRND009,VNS,,,
TD,CAB08,IN6016,09/03/22,CUST55579,BRG0010,5,DUS,6940.3,IDR,BRND010,SLCYL,,,
TD,CAB09,IN6043,10/03/22,CUST55580,BRG0001,9,DUS,1169.91,IDR,BRND001,OGB & PH,,,
TA,CAB10,IN6020,11/03/22,CUST55581,BRG0002,1,DUS,2337.5,IDR,BRND002,ETIKAL,,,
EPM,CAB01,IN6206,12/03/22,CUST55582,BRG0003,23,DUS,10690.6,IDR,BRND003,MARCKS,,,
TD,CAB01,IN6055,13/03/22,CUST55583,BRG0004,4,DUS,8700.7,IDR,BRND004,VNS,,,
TA,CAB02,IN6092,14/03/22,CUST55584,BRG0005,2,DUS,5648.3,IDR,BRND005,SLCYL,,,
EPM,CAB03,IN6177,15/03/22,CUST55585,BRG0006,17,DUS,2819.2,IDR,BRND006,OGB & PH,,,
TD,CAB01,IN6209,16/03/22,CUST55586,BRG0001,11,DUS,4592.1,IDR,BRND007,ETIKAL,,,
TA,CAB01,IN6250,17/03/22,CUST55587,BRG0002,12,DUS,3991.9,IDR,BRND008,MARCKS,,,
EPM,CAB02,IN6193,18/03/22,CUST55588,BRG0003,12,DUS,5780.7,IDR,BRND009,VNS,,,
TD,CAB03,IN6081,19/03/22,CUST55589,BRG0004,25,DUS,6940.3,IDR,BRND010,SLCYL,,,
TD,CAB04,IN6149,20/03/22,CUST55590,BRG0001,14,DUS,1169.91,IDR,BRND001,OGB & PH,,,
TA,CAB05,IN6014,21/03/22,CUST55591,BRG0002,34,DUS,2337.5,IDR,BRND002,ETIKAL,,,
EPM,CAB06,IN6290,22/03/22,CUST55592,BRG0003,67,DUS,10690.6,IDR,BRND003,MARCKS,,,
TD,CAB07,IN6051,23/03/22,CUST55593,BRG0004,15,DUS,8700.7,IDR,BRND004,VNS,,,
TA,CAB08,IN6076,24/03/22,CUST55594,BRG0005,12,DUS,5648.3,IDR,BRND005,SLCYL,,,
EPM,CAB09,IN6140,25/03/22,CUST55595,BRG0006,25,DUS,2819.2,IDR,BRND006,OGB & PH,,,
TD,CAB10,IN6080,26/03/22,CUST55596,BRG0007,14,DUS,4592.1,IDR,BRND007,ETIKAL,,,
TD,CAB01,IN6153,27/03/22,CUST55597,BRG0008,18,DUS,3991.9,IDR,BRND008,MARCKS,,,
TA,CAB01,IN5979,28/03/22,CUST55598,BRG0009,18,DUS,5780.7,IDR,BRND009,VNS,,,
EPM,CAB02,IN6098,29/03/22,CUST55599,BRG0010,19,DUS,6940.3,IDR,BRND010,SLCYL,,,
TD,CAB03,IN6078,30/03/22,CUST55600,BRG0001,12,DUS,1169.91,IDR,BRND001,OGB & PH,,,
TA,CAB01,IN6085,31/03/22,CUST55601,BRG0002,25,DUS,2337.5,IDR,BRND002,ETIKAL,,,
EPM,CAB01,IN6018,01/04/22,CUST55602,BRG0003,14,DUS,10690.6,IDR,BRND003,MARCKS,,,
TD,CAB02,IN6001,02/04/22,CUST55603,BRG0004,21,DUS,8700.7,IDR,BRND004,VNS,,,
TA,CAB03,IN6271,03/04/22,CUST55604,BRG0005,22,DUS,5648.3,IDR,BRND005,SLCYL,,,
EPM,CAB04,IN6207,04/04/22,CUST55605,BRG0006,12,DUS,2819.2,IDR,BRND006,OGB & PH,,,
TD,CAB05,IN6187,05/04/22,CUST55606,BRG0007,25,DUS,4592.1,IDR,BRND007,ETIKAL,,,
TD,CAB06,IN5995,06/04/22,CUST55607,BRG0008,14,DUS,3991.9,IDR,BRND008,MARCKS,,,
TA,CAB07,IN6156,07/04/22,CUST55608,BRG0009,24,DUS,5780.7,IDR,BRND009,VNS,,,
EPM,CAB08,IN6232,08/04/22,CUST55609,BRG0010,10,DUS,6940.3,IDR,BRND010,SLCYL,,,
TD,CAB09,IN5998,09/04/22,CUST55610,BRG0001,23,DUS,1169.91,IDR,BRND001,OGB & PH,,,
TA,CAB10,IN6227,10/04/22,CUST55611,BRG0002,12,DUS,2337.5,IDR,BRND002,ETIKAL,,,
EPM,CAB01,IN6027,11/04/22,CUST55612,BRG0003,10,DUS,10690.6,IDR,BRND003,MARCKS,,,
TD,CAB01,IN6157,12/04/22,CUST55613,BRG0004,67,DUS,8700.7,IDR,BRND004,VNS,,,
TA,CAB02,IN6180,13/04/22,CUST55614,BRG0005,98,DUS,5648.3,IDR,BRND005,SLCYL,,,
EPM,CAB03,IN6257,14/04/22,CUST55615,BRG0006,5,DUS,2819.2,IDR,BRND006,OGB & PH,,,
TD,CAB01,IN6031,15/04/22,CUST55616,BRG0001,4,DUS,4592.1,IDR,BRND007,ETIKAL,,,
TD,CAB01,IN6082,16/04/22,CUST55617,BRG0002,8,DUS,3991.9,IDR,BRND008,MARCKS,,,
TA,CAB02,IN6174,17/04/22,CUST55618,BRG0003,9,DUS,5780.7,IDR,BRND009,VNS,,,
EPM,CAB03,IN6237,18/04/22,CUST55619,BRG0004,10,DUS,6940.3,IDR,BRND010,SLCYL,,,
TD,CAB04,IN6021,19/04/22,CUST55620,BRG0001,7,DUS,1169.91,IDR,BRND001,OGB & PH,,,
TA,CAB05,IN6056,20/04/22,CUST55621,BRG0002,100,DUS,2337.5,IDR,BRND002,ETIKAL,,,
EPM,CAB06,IN5983,21/04/22,CUST55622,BRG0003,67,DUS,10690.6,IDR,BRND003,MARCKS,,,
TD,CAB07,IN6139,22/04/22,CUST55623,BRG0004,78,DUS,8700.7,IDR,BRND004,VNS,,,
TD,CAB08,IN6126,23/04/22,CUST55624,BRG0005,45,DUS,5648.3,IDR,BRND005,SLCYL,,,
TA,CAB09,IN6127,24/04/22,CUST55625,BRG0006,34,DUS,2819.2,IDR,BRND006,OGB & PH,,,
EPM,CAB10,IN6035,25/04/22,CUST55626,BRG0007,20,DUS,4592.1,IDR,BRND007,ETIKAL,,,
TD,CAB01,IN6309,26/04/22,CUST55627,BRG0008,45,DUS,3991.9,IDR,BRND008,MARCKS,,,
TA,CAB01,IN6073,27/04/22,CUST55628,BRG0009,34,DUS,5780.7,IDR,BRND009,VNS,,,
EPM,CAB02,IN6277,28/04/22,CUST55629,BRG0010,34,DUS,6940.3,IDR,BRND010,SLCYL,,,
TD,CAB03,IN6197,29/04/22,CUST55630,BRG0001,34,DUS,1169.91,IDR,BRND001,OGB & PH,,,
TA,CAB01,IN6225,30/04/22,CUST55631,BRG0002,44,DUS,2337.5,IDR,BRND002,ETIKAL,,,
EPM,CAB01,IN5999,01/05/22,CUST55632,BRG0003,5,DUS,10690.6,IDR,BRND003,MARCKS,,,
TD,CAB02,IN6223,02/05/22,CUST55633,BRG0004,6,DUS,8700.7,IDR,BRND004,VNS,,,
TD,CAB03,IN6273,03/05/22,CUST55634,BRG0005,79,DUS,5648.3,IDR,BRND005,SLCYL,,,
TA,CAB04,IN6047,26/04/22,CUST55635,BRG0006,12,DUS,2819.2,IDR,BRND006,OGB & PH,,,
EPM,CAB05,IN6071,27/04/22,CUST55636,BRG0007,95,DUS,4592.1,IDR,BRND007,ETIKAL,,,
TD,CAB06,IN6009,28/04/22,CUST55637,BRG0008,76,DUS,3991.9,IDR,BRND008,MARCKS,,,
TA,CAB07,IN6075,16/04/22,CUST55638,BRG0009,48,DUS,5780.7,IDR,BRND009,VNS,,,
EPM,CAB08,IN6218,17/04/22,CUST55639,BRG0010,21,DUS,6940.3,IDR,BRND010,SLCYL,,,
TD,CAB09,IN5985,18/04/22,CUST55640,BRG0001,22,DUS,1169.91,IDR,BRND001,OGB & PH,,,
TA,CAB10,IN6154,19/04/22,CUST55641,BRG0002,12,DUS,2337.5,IDR,BRND002,ETIKAL,,,
EPM,CAB01,IN6145,20/04/22,CUST55642,BRG0003,25,DUS,10690.6,IDR,BRND003,MARCKS,,,
TD,CAB01,IN6315,21/04/22,CUST55643,BRG0004,14,DUS,8700.7,IDR,BRND004,VNS,,,
TD,CAB02,IN6168,13/05/22,CUST55644,BRG0005,24,DUS,5648.3,IDR,BRND005,SLCYL,,,
TA,CAB03,IN6192,14/05/22,CUST55645,BRG0006,10,DUS,2819.2,IDR,BRND006,OGB & PH,,,
EPM,CAB01,IN6285,15/05/22,CUST55646,BRG0001,130,DUS,4592.1,IDR,BRND007,ETIKAL,,,
TD,CAB01,IN6077,16/05/22,CUST55647,BRG0002,12,DUS,3991.9,IDR,BRND008,MARCKS,,,
TA,CAB02,IN6057,17/05/22,CUST55648,BRG0003,10,DUS,5780.7,IDR,BRND009,VNS,,,
EPM,CAB03,IN6252,18/05/22,CUST55649,BRG0004,67,DUS,6940.3,IDR,BRND010,SLCYL,,,
TD,CAB04,IN6272,19/05/22,CUST55650,BRG0001,98,DUS,1169.91,IDR,BRND001,OGB & PH,,,
TD,CAB05,IN6150,20/05/22,CUST55651,BRG0002,5,DUS,2337.5,IDR,BRND002,ETIKAL,,,
TA,CAB06,IN6298,21/05/22,CUST55652,BRG0003,4,DUS,10690.6,IDR,BRND003,MARCKS,,,
EPM,CAB07,IN6295,22/05/22,CUST55653,BRG0004,8,DUS,8700.7,IDR,BRND004,VNS,,,
TD,CAB08,IN6022,23/05/22,CUST55654,BRG0005,9,DUS,5648.3,IDR,BRND005,SLCYL,,,
TA,CAB09,IN6090,24/05/22,CUST55655,BRG0006,21,DUS,2819.2,IDR,BRND006,OGB & PH,,,
EPM,CAB10,IN5996,25/05/22,CUST55656,BRG0007,22,DUS,4592.1,IDR,BRND007,ETIKAL,,,
TD,CAB01,IN6111,26/05/22,CUST55657,BRG0008,12,DUS,3991.9,IDR,BRND008,MARCKS,,,
TA,CAB01,IN6194,18/04/22,CUST55658,BRG0009,25,DUS,5780.7,IDR,BRND009,VNS,,,
EPM,CAB02,IN5987,19/04/22,CUST55659,BRG0010,14,DUS,6940.3,IDR,BRND010,SLCYL,,,
TD,CAB03,IN6313,20/04/22,CUST55660,BRG0001,24,DUS,1169.91,IDR,BRND001,OGB & PH,,,
TD,CAB01,IN6138,18/04/22,CUST55661,BRG0002,10,DUS,2337.5,IDR,BRND002,ETIKAL,,,
TA,CAB01,IN6316,19/04/22,CUST55662,BRG0003,120,DUS,10690.6,IDR,BRND003,MARCKS,,,
EPM,CAB02,IN6019,20/04/22,CUST55663,BRG0004,12,DUS,8700.7,IDR,BRND004,VNS,,,
TD,CAB03,IN6283,19/05/22,CUST55664,BRG0005,10,DUS,5648.3,IDR,BRND005,SLCYL,,,
TA,CAB04,IN6169,20/05/22,CUST55665,BRG0006,67,DUS,2819.2,IDR,BRND006,OGB & PH,,,
EPM,CAB05,IN6121,21/05/22,CUST55666,BRG0007,98,DUS,4592.1,IDR,BRND007,ETIKAL,,,
TD,CAB06,IN6117,22/05/22,CUST55667,BRG0008,5,DUS,3991.9,IDR,BRND008,MARCKS,,,
TA,CAB07,IN6201,23/05/22,CUST55668,BRG0009,4,DUS,5780.7,IDR,BRND009,VNS,,,
EPM,CAB08,IN6179,24/05/22,CUST55669,BRG0010,8,DUS,6940.3,IDR,BRND010,SLCYL,,,
TD,CAB09,IN5978,25/05/22,CUST55670,BRG0001,9,DUS,1169.91,IDR,BRND001,OGB & PH,,,
TD,CAB10,IN5993,26/05/22,CUST55671,BRG0002,1,DUS,2337.5,IDR,BRND002,ETIKAL,,,
TA,CAB01,IN6160,27/05/22,CUST55672,BRG0003,5,DUS,10690.6,IDR,BRND003,MARCKS,,,
EPM,CAB01,IN6282,28/05/22,CUST55673,BRG0004,9,DUS,8700.7,IDR,BRND004,VNS,,,
TD,CAB02,IN6093,29/05/22,CUST55674,BRG0005,13,DUS,5648.3,IDR,BRND005,SLCYL,,,
TA,CAB03,IN6166,30/05/22,CUST55675,BRG0006,1,DUS,2819.2,IDR,BRND006,OGB & PH,,,
EPM,CAB01,IN6010,31/05/22,CUST55676,BRG0001,5,DUS,4592.1,IDR,BRND007,ETIKAL,,,
TD,CAB01,IN6100,01/06/22,CUST55677,BRG0002,9,DUS,3991.9,IDR,BRND008,MARCKS,,,
TD,CAB02,IN6222,02/06/22,CUST55678,BRG0003,1,DUS,5780.7,IDR,BRND009,VNS,,,
TA,CAB03,IN6032,03/06/22,CUST55679,BRG0004,23,DUS,6940.3,IDR,BRND010,SLCYL,,,
EPM,CAB04,IN6198,04/06/22,CUST55680,BRG0001,4,DUS,1169.91,IDR,BRND001,OGB & PH,,,
TD,CAB05,IN6212,05/06/22,CUST55681,BRG0002,2,DUS,2337.5,IDR,BRND002,ETIKAL,,,
TA,CAB06,IN6288,06/06/22,CUST55682,BRG0003,17,DUS,10690.6,IDR,BRND003,MARCKS,,,
EPM,CAB07,IN6059,07/06/22,CUST55683,BRG0004,11,DUS,8700.7,IDR,BRND004,VNS,,,
TD,CAB08,IN6236,08/06/22,CUST55684,BRG0005,12,DUS,5648.3,IDR,BRND005,SLCYL,,,
TA,CAB09,IN6296,09/06/22,CUST55685,BRG0006,12,DUS,2819.2,IDR,BRND006,OGB & PH,,,
EPM,CAB10,IN6324,10/06/22,CUST55686,BRG0007,25,DUS,4592.1,IDR,BRND007,ETIKAL,,,
TD,CAB01,IN6091,11/06/22,CUST55687,BRG0008,14,DUS,3991.9,IDR,BRND008,MARCKS,,,
TD,CAB01,IN6033,12/06/22,CUST55688,BRG0009,34,DUS,5780.7,IDR,BRND009,VNS,,,
TA,CAB02,IN6159,13/06/22,CUST55689,BRG0010,67,DUS,6940.3,IDR,BRND010,SLCYL,,,
EPM,CAB03,IN6264,14/06/22,CUST55690,BRG0001,15,DUS,1169.91,IDR,BRND001,OGB & PH,,,
TD,CAB01,IN6046,15/06/22,CUST55691,BRG0002,12,DUS,2337.5,IDR,BRND002,ETIKAL,,,
TA,CAB01,IN6268,16/06/22,CUST55692,BRG0003,25,DUS,10690.6,IDR,BRND003,MARCKS,,,
EPM,CAB02,IN6310,30/04/22,CUST55693,BRG0004,14,DUS,8700.7,IDR,BRND004,VNS,,,
TD,CAB03,IN6044,01/05/22,CUST55694,BRG0005,18,DUS,5648.3,IDR,BRND005,SLCYL,,,
TA,CAB04,IN6178,02/05/22,CUST55695,BRG0006,18,DUS,2819.2,IDR,BRND006,OGB & PH,,,
EPM,CAB05,IN6270,03/05/22,CUST55696,BRG0007,19,DUS,4592.1,IDR,BRND007,ETIKAL,,,
TD,CAB06,IN6123,16/06/22,CUST55697,BRG0008,12,DUS,3991.9,IDR,BRND008,MARCKS,,,
TD,CAB07,IN6265,30/04/22,CUST55698,BRG0009,25,DUS,5780.7,IDR,BRND009,VNS,,,
TA,CAB08,IN6158,01/05/22,CUST55699,BRG0010,14,DUS,6940.3,IDR,BRND010,SLCYL,,,
EPM,CAB09,IN6105,02/05/22,CUST55700,BRG0001,21,DUS,1169.91,IDR,BRND001,OGB & PH,,,
TD,CAB10,IN6213,03/05/22,CUST55701,BRG0002,22,DUS,2337.5,IDR,BRND002,ETIKAL,,,
TA,CAB01,IN6109,16/06/22,CUST55702,BRG0003,12,DUS,10690.6,IDR,BRND003,MARCKS,,,
EPM,CAB01,IN6249,30/04/22,CUST55703,BRG0004,25,DUS,8700.7,IDR,BRND004,VNS,,,
TD,CAB02,IN6067,01/05/22,CUST55704,BRG0005,14,DUS,5648.3,IDR,BRND005,SLCYL,,,
TD,CAB03,IN6143,02/05/22,CUST55705,BRG0006,24,DUS,2819.2,IDR,BRND006,OGB & PH,,,
TA,CAB01,IN5990,03/05/22,CUST55706,BRG0001,10,DUS,4592.1,IDR,BRND007,ETIKAL,,,
EPM,CAB01,IN5992,16/06/22,CUST55707,BRG0002,23,DUS,3991.9,IDR,BRND008,MARCKS,,,
TD,CAB02,IN6132,30/04/22,CUST55708,BRG0003,12,DUS,5780.7,IDR,BRND009,VNS,,,
TA,CAB03,IN6030,01/05/22,CUST55709,BRG0004,10,DUS,6940.3,IDR,BRND010,SLCYL,,,
EPM,CAB04,IN6094,02/05/22,CUST55710,BRG0001,67,DUS,1169.91,IDR,BRND001,OGB & PH,,,
TD,CAB05,IN6294,03/05/22,CUST55711,BRG0002,98,DUS,2337.5,IDR,BRND002,ETIKAL,,,
TA,CAB06,IN6012,16/06/22,CUST55712,BRG0003,5,DUS,10690.6,IDR,BRND003,MARCKS,,,
EPM,CAB07,IN6106,30/04/22,CUST55713,BRG0004,4,DUS,8700.7,IDR,BRND004,VNS,,,
TD,CAB08,IN5984,01/05/22,CUST55714,BRG0005,8,DUS,5648.3,IDR,BRND005,SLCYL,,,
TD,CAB09,IN6007,02/05/22,CUST55715,BRG0006,9,DUS,2819.2,IDR,BRND006,OGB & PH,,,
TA,CAB10,IN6115,03/05/22,CUST55716,BRG0007,10,DUS,4592.1,IDR,BRND007,ETIKAL,,,
EPM,CAB01,IN6000,16/06/22,CUST55717,BRG0008,7,DUS,3991.9,IDR,BRND008,MARCKS,,,
TD,CAB01,IN6097,30/04/22,CUST55718,BRG0009,100,DUS,5780.7,IDR,BRND009,VNS,,,
TA,CAB02,IN5989,01/05/22,CUST55719,BRG0010,67,DUS,6940.3,IDR,BRND010,SLCYL,,,
EPM,CAB03,IN6151,02/05/22,CUST55720,BRG0001,78,DUS,1169.91,IDR,BRND001,OGB & PH,,,
TD,CAB01,IN6037,03/05/22,CUST55721,BRG0002,45,DUS,2337.5,IDR,BRND002,ETIKAL,,,
TA,CAB01,IN6165,16/06/22,CUST55722,BRG0003,34,DUS,10690.6,IDR,BRND003,MARCKS,,,
EPM,CAB02,IN6101,30/04/22,CUST55723,BRG0004,20,DUS,8700.7,IDR,BRND004,VNS,,,
TD,CAB03,IN6142,01/05/22,CUST55724,BRG0005,45,DUS,5648.3,IDR,BRND005,SLCYL,,,
TD,CAB04,IN6312,02/05/22,CUST55725,BRG0006,34,DUS,2819.2,IDR,BRND006,OGB & PH,,,
TA,CAB05,IN6112,03/05/22,CUST55726,BRG0007,34,DUS,4592.1,IDR,BRND007,ETIKAL,,,
EPM,CAB06,IN6204,16/06/22,CUST55727,BRG0008,34,DUS,3991.9,IDR,BRND008,MARCKS,,,
TD,CAB07,IN6304,30/04/22,CUST55728,BRG0009,44,DUS,5780.7,IDR,BRND009,VNS,,,
TA,CAB08,IN6004,01/05/22,CUST55729,BRG0010,5,DUS,6940.3,IDR,BRND010,SLCYL,,,
,,,,,,,,,,,,,,
,,,,,,,,,,,,,,
,,,,,,,,,,,,,,
,,,,,,,,,,,,,,
,,,,,,,,,,,,,,
,,,,,,,,,,,,,,
,,,,,,,,,,,,,,
,,,,,,,,,,,,,,
,,,,,,,,,,,,,,
,,,,,,,,,,,,,,
,,,,,,,,,,,,,,
,,,,,,,,,,,,,,
,,,,,,,,,,,,,,
,,,,,,,,,,,,,,
,,,,,,,,,,,,,,
,,,,,,,,,,,,,,
,,,,,,,,,,,,,,
,,,,,,,,,,,,,,
,,,,,,,,,,,,,,
,,,,,,,,,,,,,,
,,,,,,,,,,,,,,
,,,,,,,,,,,,,,
,,,,,,,,,,,,,,
,,,,,,,,,,,,,,
,,,,,,,,,,,,,,
,,,,,,,,,,,,,,
,,,,,,,,,,,,,,
,,,,,,,,,,,,,,
,,,,,,,,,,,,,,
,,,,,,,,,,,,,,
,,,,,,,,,,,,,,
,,,,,,,,,,,,,,
,,,,,,,,,,,,,,
,,,,,,,,,,,,,,
